2026-07-07 14:55:08.010 [DEBUG   ] [ThreadWatchdog tid=13556] Watchdog snapshot: 9 alive — ['DebugMonitor', 'MainThread', 'Thread-3 (robot_state_routine_thread)', 'ThreadWatchdog', 'app-main', 'asyncio_0', 'cam-useeplus-decode', 'camera-_useeplus', 'camera-barcode-scanner']
2026-07-07 14:55:10.016 [DEBUG   ] [ThreadWatchdog tid=13556] Watchdog snapshot: 9 alive — ['DebugMonitor', 'MainThread', 'Thread-3 (robot_state_routine_thread)', 'ThreadWatchdog', 'app-main', 'asyncio_0', 'cam-useeplus-decode', 'camera-_useeplus', 'camera-barcode-scanner']
2026-07-07 14:55:12.018 [DEBUG   ] [ThreadWatchdog tid=13556] Watchdog snapshot: 9 alive — ['DebugMonitor', 'MainThread', 'Thread-3 (robot_state_routine_thread)', 'ThreadWatchdog', 'app-main', 'asyncio_0', 'cam-useeplus-decode', 'camera-_useeplus', 'camera-barcode-scanner']
2026-07-07 14:55:14.020 [DEBUG   ] [ThreadWatchdog tid=13556] Watchdog snapshot: 9 alive — ['DebugMonitor', 'MainThread', 'Thread-3 (robot_state_routine_thread)', 'ThreadWatchdog', 'app-main', 'asyncio_0', 'cam-useeplus-decode', 'camera-_useeplus', 'camera-barcode-scanner']
2026-07-07 14:55:15.398 [INFO    ] [app-main tid=1476] [Sequence] Barcode: 2511TL005663ISI
2026-07-07 14:55:15.401 [INFO    ] [app-main tid=1476] [Program] Loading mapping file: d:\hhhhhhhhhh\fresh-new\program_mapping.xlsx
2026-07-07 14:55:15.460 [INFO    ] [app-main tid=1476] [Sequence] Program: 1
2026-07-07 14:55:16.020 [WARNING ] [ThreadWatchdog tid=13556] Watchdog: − thread DISAPPEARED 'camera-barcode-scanner' (if no FINISHED/CRASHED log above, it died silently)
2026-07-07 14:55:16.020 [DEBUG   ] [ThreadWatchdog tid=13556] Watchdog snapshot: 8 alive — ['DebugMonitor', 'MainThread', 'Thread-3 (robot_state_routine_thread)', 'ThreadWatchdog', 'app-main', 'asyncio_0', 'cam-useeplus-decode', 'camera-_useeplus']
2026-07-07 14:55:18.022 [DEBUG   ] [ThreadWatchdog tid=13556] Watchdog snapshot: 8 alive — ['DebugMonitor', 'MainThread', 'Thread-3 (robot_state_routine_thread)', 'ThreadWatchdog', 'app-main', 'asyncio_0', 'cam-useeplus-decode', 'camera-_useeplus']
2026-07-07 14:55:20.025 [DEBUG   ] [ThreadWatchdog tid=13556] Watchdog snapshot: 8 alive — ['DebugMonitor', 'MainThread', 'Thread-3 (robot_state_routine_thread)', 'ThreadWatchdog', 'app-main', 'asyncio_0', 'cam-useeplus-decode', 'camera-_useeplus']
2026-07-07 14:55:22.032 [DEBUG   ] [ThreadWatchdog tid=13556] Watchdog snapshot: 8 alive — ['DebugMonitor', 'MainThread', 'Thread-3 (robot_state_routine_thread)', 'ThreadWatchdog', 'app-main', 'asyncio_0', 'cam-useeplus-decode', 'camera-_useeplus']
2026-07-07 14:55:24.034 [DEBUG   ] [ThreadWatchdog tid=13556] Watchdog snapshot: 8 alive — ['DebugMonitor', 'MainThread', 'Thread-3 (robot_state_routine_thread)', 'ThreadWatchdog', 'app-main', 'asyncio_0', 'cam-useeplus-decode', 'camera-_useeplus']
2026-07-07 14:55:26.049 [DEBUG   ] [ThreadWatchdog tid=13556] Watchdog snapshot: 8 alive — ['DebugMonitor', 'MainThread', 'Thread-3 (robot_state_routine_thread)', 'ThreadWatchdog', 'app-main', 'asyncio_0', 'cam-useeplus-decode', 'camera-_useeplus']
2026-07-07 14:55:28.053 [DEBUG   ] [ThreadWatchdog tid=13556] Watchdog snapshot: 8 alive — ['DebugMonitor', 'MainThread', 'Thread-3 (robot_state_routine_thread)', 'ThreadWatchdog', 'app-main', 'asyncio_0', 'cam-useeplus-decode', 'camera-_useeplus']
2026-07-07 14:55:30.054 [DEBUG   ] [ThreadWatchdog tid=13556] Watchdog snapshot: 8 alive — ['DebugMonitor', 'MainThread', 'Thread-3 (robot_state_routine_thread)', 'ThreadWatchdog', 'app-main', 'asyncio_0', 'cam-useeplus-decode', 'camera-_useeplus']
2026-07-07 14:55:32.056 [DEBUG   ] [ThreadWatchdog tid=13556] Watchdog snapshot: 8 alive — ['DebugMonitor', 'MainThread', 'Thread-3 (robot_state_routine_thread)', 'ThreadWatchdog', 'app-main', 'asyncio_0', 'cam-useeplus-decode', 'camera-_useeplus']
2026-07-07 14:55:34.058 [DEBUG   ] [ThreadWatchdog tid=13556] Watchdog snapshot: 8 alive — ['DebugMonitor', 'MainThread', 'Thread-3 (robot_state_routine_thread)', 'ThreadWatchdog', 'app-main', 'asyncio_0', 'cam-useeplus-decode', 'camera-_useeplus']
2026-07-07 14:55:35.656 [INFO    ] [app-main tid=1476] [program_1] Done — model answer — barcode=2511TL005663ISI  result={'image_1': 'Yes'}
2026-07-07 14:55:36.064 [DEBUG   ] [ThreadWatchdog tid=13556] Watchdog snapshot: 8 alive — ['DebugMonitor', 'MainThread', 'Thread-3 (robot_state_routine_thread)', 'ThreadWatchdog', 'app-main', 'asyncio_0', 'cam-useeplus-decode', 'camera-_useeplus']
2026-07-07 14:55:36.309 [INFO    ] [app-main tid=1476] [program_1] Done — barcode=2511TL005663ISI  result=fail
2026-07-07 14:55:38.066 [DEBUG   ] [ThreadWatchdog tid=13556] Watchdog snapshot: 8 alive — ['DebugMonitor', 'MainThread', 'Thread-3 (robot_state_routine_thread)', 'ThreadWatchdog', 'app-main', 'asyncio_0', 'cam-useeplus-decode', 'camera-_useeplus']
2026-07-07 14:55:40.072 [DEBUG   ] [ThreadWatchdog tid=13556] Watchdog snapshot: 8 alive — ['DebugMonitor', 'MainThread', 'Thread-3 (robot_state_routine_thread)', 'ThreadWatchdog', 'app-main', 'asyncio_0', 'cam-useeplus-decode', 'camera-_useeplus']
2026-07-07 14:55:42.083 [DEBUG   ] [ThreadWatchdog tid=13556] Watchdog snapshot: 8 alive — ['DebugMonitor', 'MainThread', 'Thread-3 (robot_state_routine_thread)', 'ThreadWatchdog', 'app-main', 'asyncio_0', 'cam-useeplus-decode', 'camera-_useeplus']
2026-07-07 14:55:44.085 [DEBUG   ] [ThreadWatchdog tid=13556] Watchdog snapshot: 8 alive — ['DebugMonitor', 'MainThread', 'Thread-3 (robot_state_routine_thread)', 'ThreadWatchdog', 'app-main', 'asyncio_0', 'cam-useeplus-decode', 'camera-_useeplus']
2026-07-07 14:55:46.092 [DEBUG   ] [ThreadWatchdog tid=13556] Watchdog snapshot: 8 alive — ['DebugMonitor', 'MainThread', 'Thread-3 (robot_state_routine_thread)', 'ThreadWatchdog', 'app-main', 'asyncio_0', 'cam-useeplus-decode', 'camera-_useeplus']
2026-07-07 14:55:48.113 [DEBUG   ] [ThreadWatchdog tid=13556] Watchdog snapshot: 8 alive — ['DebugMonitor', 'MainThread', 'Thread-3 (robot_state_routine_thread)', 'ThreadWatchdog', 'app-main', 'asyncio_0', 'cam-useeplus-decode', 'camera-_useeplus']
2026-07-07 14:55:50.148 [DEBUG   ] [ThreadWatchdog tid=13556] Watchdog snapshot: 8 alive — ['DebugMonitor', 'MainThread', 'Thread-3 (robot_state_routine_thread)', 'ThreadWatchdog', 'app-main', 'asyncio_0', 'cam-useeplus-decode', 'camera-_useeplus']
2026-07-07 14:55:52.155 [DEBUG   ] [ThreadWatchdog tid=13556] Watchdog snapshot: 8 alive — ['DebugMonitor', 'MainThread', 'Thread-3 (robot_state_routine_thread)', 'ThreadWatchdog', 'app-main', 'asyncio_0', 'cam-useeplus-decode', 'camera-_useeplus']
2026-07-07 14:55:54.158 [DEBUG   ] [ThreadWatchdog tid=13556] Watchdog snapshot: 8 alive — ['DebugMonitor', 'MainThread', 'Thread-3 (robot_state_routine_thread)', 'ThreadWatchdog', 'app-main', 'asyncio_0', 'cam-useeplus-decode', 'camera-_useeplus']
2026-07-07 14:55:56.166 [DEBUG   ] [ThreadWatchdog tid=13556] Watchdog snapshot: 8 alive — ['DebugMonitor', 'MainThread', 'Thread-3 (robot_state_routine_thread)', 'ThreadWatchdog', 'app-main', 'asyncio_0', 'cam-useeplus-decode', 'camera-_useeplus']
2026-07-07 14:55:58.168 [DEBUG   ] [ThreadWatchdog tid=13556] Watchdog snapshot: 8 alive — ['DebugMonitor', 'MainThread', 'Thread-3 (robot_state_routine_thread)', 'ThreadWatchdog', 'app-main', 'asyncio_0', 'cam-useeplus-decode', 'camera-_useeplus']
2026-07-07 14:56:00.169 [DEBUG   ] [ThreadWatchdog tid=13556] Watchdog snapshot: 8 alive — ['DebugMonitor', 'MainThread', 'Thread-3 (robot_state_routine_thread)', 'ThreadWatchdog', 'app-main', 'asyncio_0', 'cam-useeplus-decode', 'camera-_useeplus']
2026-07-07 14:56:02.171 [DEBUG   ] [ThreadWatchdog tid=13556] Watchdog snapshot: 8 alive — ['DebugMonitor', 'MainThread', 'Thread-3 (robot_state_routine_thread)', 'ThreadWatchdog', 'app-main', 'asyncio_0', 'cam-useeplus-decode', 'camera-_useeplus']
2026-07-07 14:56:03.297 [INFO    ] [app-main tid=1476] [App] DI0 HIGH — starting sequence
2026-07-07 14:56:04.183 [DEBUG   ] [ThreadWatchdog tid=13556] Watchdog snapshot: 8 alive — ['DebugMonitor', 'MainThread', 'Thread-3 (robot_state_routine_thread)', 'ThreadWatchdog', 'app-main', 'asyncio_0', 'cam-useeplus-decode', 'camera-_useeplus']
2026-07-07 14:56:06.185 [DEBUG   ] [ThreadWatchdog tid=13556] Watchdog: + thread appeared 'camera-barcode-scanner' (daemon=True)
2026-07-07 14:56:06.185 [DEBUG   ] [ThreadWatchdog tid=13556] Watchdog snapshot: 9 alive — ['DebugMonitor', 'MainThread', 'Thread-3 (robot_state_routine_thread)', 'ThreadWatchdog', 'app-main', 'asyncio_0', 'cam-useeplus-decode', 'camera-_useeplus', 'camera-barcode-scanner']
2026-07-07 14:56:07.747 [INFO    ] [app-main tid=1476] [Sequence] Barcode: 2511TL005663ISI
2026-07-07 14:56:07.747 [INFO    ] [app-main tid=1476] [Sequence] Program: 1
2026-07-07 14:56:08.192 [WARNING ] [ThreadWatchdog tid=13556] Watchdog: − thread DISAPPEARED 'camera-barcode-scanner' (if no FINISHED/CRASHED log above, it died silently)
2026-07-07 14:56:08.192 [DEBUG   ] [ThreadWatchdog tid=13556] Watchdog snapshot: 8 alive — ['DebugMonitor', 'MainThread', 'Thread-3 (robot_state_routine_thread)', 'ThreadWatchdog', 'app-main', 'asyncio_0', 'cam-useeplus-decode', 'camera-_useeplus']
2026-07-07 14:56:10.203 [DEBUG   ] [ThreadWatchdog tid=13556] Watchdog snapshot: 8 alive — ['DebugMonitor', 'MainThread', 'Thread-3 (robot_state_routine_thread)', 'ThreadWatchdog', 'app-main', 'asyncio_0', 'cam-useeplus-decode', 'camera-_useeplus']
2026-07-07 14:56:12.204 [DEBUG   ] [ThreadWatchdog tid=13556] Watchdog snapshot: 8 alive — ['DebugMonitor', 'MainThread', 'Thread-3 (robot_state_routine_thread)', 'ThreadWatchdog', 'app-main', 'asyncio_0', 'cam-useeplus-decode', 'camera-_useeplus']
2026-07-07 14:56:14.205 [DEBUG   ] [ThreadWatchdog tid=13556] Watchdog snapshot: 8 alive — ['DebugMonitor', 'MainThread', 'Thread-3 (robot_state_routine_thread)', 'ThreadWatchdog', 'app-main', 'asyncio_0', 'cam-useeplus-decode', 'camera-_useeplus']
2026-07-07 14:56:16.212 [DEBUG   ] [ThreadWatchdog tid=13556] Watchdog snapshot: 8 alive — ['DebugMonitor', 'MainThread', 'Thread-3 (robot_state_routine_thread)', 'ThreadWatchdog', 'app-main', 'asyncio_0', 'cam-useeplus-decode', 'camera-_useeplus']
2026-07-07 14:56:18.218 [DEBUG   ] [ThreadWatchdog tid=13556] Watchdog snapshot: 8 alive — ['DebugMonitor', 'MainThread', 'Thread-3 (robot_state_routine_thread)', 'ThreadWatchdog', 'app-main', 'asyncio_0', 'cam-useeplus-decode', 'camera-_useeplus']
2026-07-07 14:56:20.222 [DEBUG   ] [ThreadWatchdog tid=13556] Watchdog: + thread appeared 'asyncio_1' (daemon=False)
2026-07-07 14:56:20.222 [DEBUG   ] [ThreadWatchdog tid=13556] Watchdog snapshot: 9 alive — ['DebugMonitor', 'MainThread', 'Thread-3 (robot_state_routine_thread)', 'ThreadWatchdog', 'app-main', 'asyncio_0', 'asyncio_1', 'cam-useeplus-decode', 'camera-_useeplus']
2026-07-07 14:56:22.224 [DEBUG   ] [ThreadWatchdog tid=13556] Watchdog snapshot: 9 alive — ['DebugMonitor', 'MainThread', 'Thread-3 (robot_state_routine_thread)', 'ThreadWatchdog', 'app-main', 'asyncio_0', 'asyncio_1', 'cam-useeplus-decode', 'camera-_useeplus']
2026-07-07 14:56:24.228 [DEBUG   ] [ThreadWatchdog tid=13556] Watchdog snapshot: 9 alive — ['DebugMonitor', 'MainThread', 'Thread-3 (robot_state_routine_thread)', 'ThreadWatchdog', 'app-main', 'asyncio_0', 'asyncio_1', 'cam-useeplus-decode', 'camera-_useeplus']
2026-07-07 14:56:26.238 [DEBUG   ] [ThreadWatchdog tid=13556] Watchdog snapshot: 9 alive — ['DebugMonitor', 'MainThread', 'Thread-3 (robot_state_routine_thread)', 'ThreadWatchdog', 'app-main', 'asyncio_0', 'asyncio_1', 'cam-useeplus-decode', 'camera-_useeplus']
2026-07-07 14:56:28.146 [INFO    ] [app-main tid=1476] [program_1] Done — model answer — barcode=2511TL005663ISI  result={'image_1': 'Yes'}
2026-07-07 14:56:28.248 [DEBUG   ] [ThreadWatchdog tid=13556] Watchdog snapshot: 9 alive — ['DebugMonitor', 'MainThread', 'Thread-3 (robot_state_routine_thread)', 'ThreadWatchdog', 'app-main', 'asyncio_0', 'asyncio_1', 'cam-useeplus-decode', 'camera-_useeplus']
2026-07-07 14:56:28.781 [INFO    ] [app-main tid=1476] [program_1] Done — barcode=2511TL005663ISI  result=fail
2026-07-07 14:56:30.251 [DEBUG   ] [ThreadWatchdog tid=13556] Watchdog snapshot: 9 alive — ['DebugMonitor', 'MainThread', 'Thread-3 (robot_state_routine_thread)', 'ThreadWatchdog', 'app-main', 'asyncio_0', 'asyncio_1', 'cam-useeplus-decode', 'camera-_useeplus']
2026-07-07 14:56:32.258 [DEBUG   ] [ThreadWatchdog tid=13556] Watchdog snapshot: 9 alive — ['DebugMonitor', 'MainThread', 'Thread-3 (robot_state_routine_thread)', 'ThreadWatchdog', 'app-main', 'asyncio_0', 'asyncio_1', 'cam-useeplus-decode', 'camera-_useeplus']
2026-07-07 14:56:34.262 [DEBUG   ] [ThreadWatchdog tid=13556] Watchdog snapshot: 9 alive — ['DebugMonitor', 'MainThread', 'Thread-3 (robot_state_routine_thread)', 'ThreadWatchdog', 'app-main', 'asyncio_0', 'asyncio_1', 'cam-useeplus-decode', 'camera-_useeplus']
2026-07-07 14:56:36.263 [DEBUG   ] [ThreadWatchdog tid=13556] Watchdog snapshot: 9 alive — ['DebugMonitor', 'MainThread', 'Thread-3 (robot_state_routine_thread)', 'ThreadWatchdog', 'app-main', 'asyncio_0', 'asyncio_1', 'cam-useeplus-decode', 'camera-_useeplus']
2026-07-07 14:56:38.266 [DEBUG   ] [ThreadWatchdog tid=13556] Watchdog snapshot: 9 alive — ['DebugMonitor', 'MainThread', 'Thread-3 (robot_state_routine_thread)', 'ThreadWatchdog', 'app-main', 'asyncio_0', 'asyncio_1', 'cam-useeplus-decode', 'camera-_useeplus']
2026-07-07 14:56:40.267 [DEBUG   ] [ThreadWatchdog tid=13556] Watchdog snapshot: 9 alive — ['DebugMonitor', 'MainThread', 'Thread-3 (robot_state_routine_thread)', 'ThreadWatchdog', 'app-main', 'asyncio_0', 'asyncio_1', 'cam-useeplus-decode', 'camera-_useeplus']
2026-07-07 14:56:42.277 [DEBUG   ] [ThreadWatchdog tid=13556] Watchdog snapshot: 9 alive — ['DebugMonitor', 'MainThread', 'Thread-3 (robot_state_routine_thread)', 'ThreadWatchdog', 'app-main', 'asyncio_0', 'asyncio_1', 'cam-useeplus-decode', 'camera-_useeplus']
2026-07-07 14:56:44.280 [DEBUG   ] [ThreadWatchdog tid=13556] Watchdog snapshot: 9 alive — ['DebugMonitor', 'MainThread', 'Thread-3 (robot_state_routine_thread)', 'ThreadWatchdog', 'app-main', 'asyncio_0', 'asyncio_1', 'cam-useeplus-decode', 'camera-_useeplus']
2026-07-07 14:56:46.281 [DEBUG   ] [ThreadWatchdog tid=13556] Watchdog snapshot: 9 alive — ['DebugMonitor', 'MainThread', 'Thread-3 (robot_state_routine_thread)', 'ThreadWatchdog', 'app-main', 'asyncio_0', 'asyncio_1', 'cam-useeplus-decode', 'camera-_useeplus']
2026-07-07 14:56:48.291 [DEBUG   ] [ThreadWatchdog tid=13556] Watchdog snapshot: 9 alive — ['DebugMonitor', 'MainThread', 'Thread-3 (robot_state_routine_thread)', 'ThreadWatchdog', 'app-main', 'asyncio_0', 'asyncio_1', 'cam-useeplus-decode', 'camera-_useeplus']
2026-07-07 14:56:50.292 [DEBUG   ] [ThreadWatchdog tid=13556] Watchdog snapshot: 9 alive — ['DebugMonitor', 'MainThread', 'Thread-3 (robot_state_routine_thread)', 'ThreadWatchdog', 'app-main', 'asyncio_0', 'asyncio_1', 'cam-useeplus-decode', 'camera-_useeplus']
2026-07-07 14:56:52.326 [DEBUG   ] [ThreadWatchdog tid=13556] Watchdog snapshot: 9 alive — ['DebugMonitor', 'MainThread', 'Thread-3 (robot_state_routine_thread)', 'ThreadWatchdog', 'app-main', 'asyncio_0', 'asyncio_1', 'cam-useeplus-decode', 'camera-_useeplus']
2026-07-07 14:56:54.342 [DEBUG   ] [ThreadWatchdog tid=13556] Watchdog snapshot: 9 alive — ['DebugMonitor', 'MainThread', 'Thread-3 (robot_state_routine_thread)', 'ThreadWatchdog', 'app-main', 'asyncio_0', 'asyncio_1', 'cam-useeplus-decode', 'camera-_useeplus']
2026-07-07 14:56:56.344 [DEBUG   ] [ThreadWatchdog tid=13556] Watchdog snapshot: 9 alive — ['DebugMonitor', 'MainThread', 'Thread-3 (robot_state_routine_thread)', 'ThreadWatchdog', 'app-main', 'asyncio_0', 'asyncio_1', 'cam-useeplus-decode', 'camera-_useeplus']
2026-07-07 14:56:58.356 [DEBUG   ] [ThreadWatchdog tid=13556] Watchdog snapshot: 9 alive — ['DebugMonitor', 'MainThread', 'Thread-3 (robot_state_routine_thread)', 'ThreadWatchdog', 'app-main', 'asyncio_0', 'asyncio_1', 'cam-useeplus-decode', 'camera-_useeplus']
2026-07-07 14:57:00.364 [DEBUG   ] [ThreadWatchdog tid=13556] Watchdog snapshot: 9 alive — ['DebugMonitor', 'MainThread', 'Thread-3 (robot_state_routine_thread)', 'ThreadWatchdog', 'app-main', 'asyncio_0', 'asyncio_1', 'cam-useeplus-decode', 'camera-_useeplus']
2026-07-07 14:57:02.366 [DEBUG   ] [ThreadWatchdog tid=13556] Watchdog snapshot: 9 alive — ['DebugMonitor', 'MainThread', 'Thread-3 (robot_state_routine_thread)', 'ThreadWatchdog', 'app-main', 'asyncio_0', 'asyncio_1', 'cam-useeplus-decode', 'camera-_useeplus']
2026-07-07 14:57:04.367 [DEBUG   ] [ThreadWatchdog tid=13556] Watchdog snapshot: 9 alive — ['DebugMonitor', 'MainThread', 'Thread-3 (robot_state_routine_thread)', 'ThreadWatchdog', 'app-main', 'asyncio_0', 'asyncio_1', 'cam-useeplus-decode', 'camera-_useeplus']
2026-07-07 14:57:06.369 [DEBUG   ] [ThreadWatchdog tid=13556] Watchdog snapshot: 9 alive — ['DebugMonitor', 'MainThread', 'Thread-3 (robot_state_routine_thread)', 'ThreadWatchdog', 'app-main', 'asyncio_0', 'asyncio_1', 'cam-useeplus-decode', 'camera-_useeplus']
2026-07-07 14:57:08.375 [DEBUG   ] [ThreadWatchdog tid=13556] Watchdog snapshot: 9 alive — ['DebugMonitor', 'MainThread', 'Thread-3 (robot_state_routine_thread)', 'ThreadWatchdog', 'app-main', 'asyncio_0', 'asyncio_1', 'cam-useeplus-decode', 'camera-_useeplus']
2026-07-07 14:57:10.377 [DEBUG   ] [ThreadWatchdog tid=13556] Watchdog snapshot: 9 alive — ['DebugMonitor', 'MainThread', 'Thread-3 (robot_state_routine_thread)', 'ThreadWatchdog', 'app-main', 'asyncio_0', 'asyncio_1', 'cam-useeplus-decode', 'camera-_useeplus']
2026-07-07 14:57:12.327 [INFO    ] [app-main tid=1476] [App] DI0 HIGH — starting sequence
2026-07-07 14:57:12.378 [DEBUG   ] [ThreadWatchdog tid=13556] Watchdog snapshot: 9 alive — ['DebugMonitor', 'MainThread', 'Thread-3 (robot_state_routine_thread)', 'ThreadWatchdog', 'app-main', 'asyncio_0', 'asyncio_1', 'cam-useeplus-decode', 'camera-_useeplus']
2026-07-07 14:57:14.379 [DEBUG   ] [ThreadWatchdog tid=13556] Watchdog: + thread appeared 'camera-barcode-scanner' (daemon=True)
2026-07-07 14:57:14.379 [DEBUG   ] [ThreadWatchdog tid=13556] Watchdog snapshot: 10 alive — ['DebugMonitor', 'MainThread', 'Thread-3 (robot_state_routine_thread)', 'ThreadWatchdog', 'app-main', 'asyncio_0', 'asyncio_1', 'cam-useeplus-decode', 'camera-_useeplus', 'camera-barcode-scanner']
2026-07-07 14:57:16.380 [DEBUG   ] [ThreadWatchdog tid=13556] Watchdog snapshot: 10 alive — ['DebugMonitor', 'MainThread', 'Thread-3 (robot_state_routine_thread)', 'ThreadWatchdog', 'app-main', 'asyncio_0', 'asyncio_1', 'cam-useeplus-decode', 'camera-_useeplus', 'camera-barcode-scanner']
2026-07-07 14:57:16.786 [INFO    ] [app-main tid=1476] [Sequence] Barcode: 2511TL005663ISI
2026-07-07 14:57:16.786 [INFO    ] [app-main tid=1476] [Sequence] Program: 1
2026-07-07 14:57:18.382 [WARNING ] [ThreadWatchdog tid=13556] Watchdog: − thread DISAPPEARED 'camera-barcode-scanner' (if no FINISHED/CRASHED log above, it died silently)
2026-07-07 14:57:18.382 [DEBUG   ] [ThreadWatchdog tid=13556] Watchdog snapshot: 9 alive — ['DebugMonitor', 'MainThread', 'Thread-3 (robot_state_routine_thread)', 'ThreadWatchdog', 'app-main', 'asyncio_0', 'asyncio_1', 'cam-useeplus-decode', 'camera-_useeplus']
2026-07-07 14:57:20.385 [DEBUG   ] [ThreadWatchdog tid=13556] Watchdog snapshot: 9 alive — ['DebugMonitor', 'MainThread', 'Thread-3 (robot_state_routine_thread)', 'ThreadWatchdog', 'app-main', 'asyncio_0', 'asyncio_1', 'cam-useeplus-decode', 'camera-_useeplus']
2026-07-07 14:57:22.391 [DEBUG   ] [ThreadWatchdog tid=13556] Watchdog snapshot: 9 alive — ['DebugMonitor', 'MainThread', 'Thread-3 (robot_state_routine_thread)', 'ThreadWatchdog', 'app-main', 'asyncio_0', 'asyncio_1', 'cam-useeplus-decode', 'camera-_useeplus']
2026-07-07 14:57:24.394 [DEBUG   ] [ThreadWatchdog tid=13556] Watchdog snapshot: 9 alive — ['DebugMonitor', 'MainThread', 'Thread-3 (robot_state_routine_thread)', 'ThreadWatchdog', 'app-main', 'asyncio_0', 'asyncio_1', 'cam-useeplus-decode', 'camera-_useeplus']
2026-07-07 14:57:26.395 [DEBUG   ] [ThreadWatchdog tid=13556] Watchdog snapshot: 9 alive — ['DebugMonitor', 'MainThread', 'Thread-3 (robot_state_routine_thread)', 'ThreadWatchdog', 'app-main', 'asyncio_0', 'asyncio_1', 'cam-useeplus-decode', 'camera-_useeplus']
2026-07-07 14:57:28.396 [DEBUG   ] [ThreadWatchdog tid=13556] Watchdog snapshot: 9 alive — ['DebugMonitor', 'MainThread', 'Thread-3 (robot_state_routine_thread)', 'ThreadWatchdog', 'app-main', 'asyncio_0', 'asyncio_1', 'cam-useeplus-decode', 'camera-_useeplus']
2026-07-07 14:57:30.398 [DEBUG   ] [ThreadWatchdog tid=13556] Watchdog snapshot: 9 alive — ['DebugMonitor', 'MainThread', 'Thread-3 (robot_state_routine_thread)', 'ThreadWatchdog', 'app-main', 'asyncio_0', 'asyncio_1', 'cam-useeplus-decode', 'camera-_useeplus']
2026-07-07 14:57:32.399 [DEBUG   ] [ThreadWatchdog tid=13556] Watchdog snapshot: 9 alive — ['DebugMonitor', 'MainThread', 'Thread-3 (robot_state_routine_thread)', 'ThreadWatchdog', 'app-main', 'asyncio_0', 'asyncio_1', 'cam-useeplus-decode', 'camera-_useeplus']
2026-07-07 14:57:34.401 [DEBUG   ] [ThreadWatchdog tid=13556] Watchdog snapshot: 9 alive — ['DebugMonitor', 'MainThread', 'Thread-3 (robot_state_routine_thread)', 'ThreadWatchdog', 'app-main', 'asyncio_0', 'asyncio_1', 'cam-useeplus-decode', 'camera-_useeplus']
2026-07-07 14:57:36.407 [DEBUG   ] [ThreadWatchdog tid=13556] Watchdog snapshot: 9 alive — ['DebugMonitor', 'MainThread', 'Thread-3 (robot_state_routine_thread)', 'ThreadWatchdog', 'app-main', 'asyncio_0', 'asyncio_1', 'cam-useeplus-decode', 'camera-_useeplus']
2026-07-07 14:57:37.308 [INFO    ] [app-main tid=1476] [program_1] Done — model answer — barcode=2511TL005663ISI  result={'image_1': 'Yes'}
2026-07-07 14:57:37.907 [INFO    ] [app-main tid=1476] [program_1] Done — barcode=2511TL005663ISI  result=fail
2026-07-07 14:57:38.414 [DEBUG   ] [ThreadWatchdog tid=13556] Watchdog snapshot: 9 alive — ['DebugMonitor', 'MainThread', 'Thread-3 (robot_state_routine_thread)', 'ThreadWatchdog', 'app-main', 'asyncio_0', 'asyncio_1', 'cam-useeplus-decode', 'camera-_useeplus']
2026-07-07 14:57:40.415 [DEBUG   ] [ThreadWatchdog tid=13556] Watchdog snapshot: 9 alive — ['DebugMonitor', 'MainThread', 'Thread-3 (robot_state_routine_thread)', 'ThreadWatchdog', 'app-main', 'asyncio_0', 'asyncio_1', 'cam-useeplus-decode', 'camera-_useeplus']
2026-07-07 14:57:42.417 [DEBUG   ] [ThreadWatchdog tid=13556] Watchdog snapshot: 9 alive — ['DebugMonitor', 'MainThread', 'Thread-3 (robot_state_routine_thread)', 'ThreadWatchdog', 'app-main', 'asyncio_0', 'asyncio_1', 'cam-useeplus-decode', 'camera-_useeplus']
2026-07-07 14:57:44.419 [DEBUG   ] [ThreadWatchdog tid=13556] Watchdog snapshot: 9 alive — ['DebugMonitor', 'MainThread', 'Thread-3 (robot_state_routine_thread)', 'ThreadWatchdog', 'app-main', 'asyncio_0', 'asyncio_1', 'cam-useeplus-decode', 'camera-_useeplus']
2026-07-07 14:57:46.423 [DEBUG   ] [ThreadWatchdog tid=13556] Watchdog snapshot: 9 alive — ['DebugMonitor', 'MainThread', 'Thread-3 (robot_state_routine_thread)', 'ThreadWatchdog', 'app-main', 'asyncio_0', 'asyncio_1', 'cam-useeplus-decode', 'camera-_useeplus']
2026-07-07 14:57:48.425 [DEBUG   ] [ThreadWatchdog tid=13556] Watchdog snapshot: 9 alive — ['DebugMonitor', 'MainThread', 'Thread-3 (robot_state_routine_thread)', 'ThreadWatchdog', 'app-main', 'asyncio_0', 'asyncio_1', 'cam-useeplus-decode', 'camera-_useeplus']
2026-07-07 14:57:50.426 [DEBUG   ] [ThreadWatchdog tid=13556] Watchdog snapshot: 9 alive — ['DebugMonitor', 'MainThread', 'Thread-3 (robot_state_routine_thread)', 'ThreadWatchdog', 'app-main', 'asyncio_0', 'asyncio_1', 'cam-useeplus-decode', 'camera-_useeplus']
2026-07-07 14:57:52.427 [DEBUG   ] [ThreadWatchdog tid=13556] Watchdog snapshot: 9 alive — ['DebugMonitor', 'MainThread', 'Thread-3 (robot_state_routine_thread)', 'ThreadWatchdog', 'app-main', 'asyncio_0', 'asyncio_1', 'cam-useeplus-decode', 'camera-_useeplus']
2026-07-07 14:57:54.437 [DEBUG   ] [ThreadWatchdog tid=13556] Watchdog snapshot: 9 alive — ['DebugMonitor', 'MainThread', 'Thread-3 (robot_state_routine_thread)', 'ThreadWatchdog', 'app-main', 'asyncio_0', 'asyncio_1', 'cam-useeplus-decode', 'camera-_useeplus']
2026-07-07 14:57:56.440 [DEBUG   ] [ThreadWatchdog tid=13556] Watchdog snapshot: 9 alive — ['DebugMonitor', 'MainThread', 'Thread-3 (robot_state_routine_thread)', 'ThreadWatchdog', 'app-main', 'asyncio_0', 'asyncio_1', 'cam-useeplus-decode', 'camera-_useeplus']
2026-07-07 14:57:58.441 [DEBUG   ] [ThreadWatchdog tid=13556] Watchdog snapshot: 9 alive — ['DebugMonitor', 'MainThread', 'Thread-3 (robot_state_routine_thread)', 'ThreadWatchdog', 'app-main', 'asyncio_0', 'asyncio_1', 'cam-useeplus-decode', 'camera-_useeplus']
2026-07-07 14:58:00.449 [DEBUG   ] [ThreadWatchdog tid=13556] Watchdog snapshot: 9 alive — ['DebugMonitor', 'MainThread', 'Thread-3 (robot_state_routine_thread)', 'ThreadWatchdog', 'app-main', 'asyncio_0', 'asyncio_1', 'cam-useeplus-decode', 'camera-_useeplus']
2026-07-07 14:58:02.455 [DEBUG   ] [ThreadWatchdog tid=13556] Watchdog snapshot: 9 alive — ['DebugMonitor', 'MainThread', 'Thread-3 (robot_state_routine_thread)', 'ThreadWatchdog', 'app-main', 'asyncio_0', 'asyncio_1', 'cam-useeplus-decode', 'camera-_useeplus']
2026-07-07 14:58:04.457 [DEBUG   ] [ThreadWatchdog tid=13556] Watchdog snapshot: 9 alive — ['DebugMonitor', 'MainThread', 'Thread-3 (robot_state_routine_thread)', 'ThreadWatchdog', 'app-main', 'asyncio_0', 'asyncio_1', 'cam-useeplus-decode', 'camera-_useeplus']
2026-07-07 14:58:05.362 [INFO    ] [app-main tid=1476] [App] DI0 HIGH — starting sequence
2026-07-07 14:58:06.458 [DEBUG   ] [ThreadWatchdog tid=13556] Watchdog snapshot: 9 alive — ['DebugMonitor', 'MainThread', 'Thread-3 (robot_state_routine_thread)', 'ThreadWatchdog', 'app-main', 'asyncio_0', 'asyncio_1', 'cam-useeplus-decode', 'camera-_useeplus']
2026-07-07 14:58:08.461 [DEBUG   ] [ThreadWatchdog tid=13556] Watchdog: + thread appeared 'camera-barcode-scanner' (daemon=True)
2026-07-07 14:58:08.461 [DEBUG   ] [ThreadWatchdog tid=13556] Watchdog snapshot: 10 alive — ['DebugMonitor', 'MainThread', 'Thread-3 (robot_state_routine_thread)', 'ThreadWatchdog', 'app-main', 'asyncio_0', 'asyncio_1', 'cam-useeplus-decode', 'camera-_useeplus', 'camera-barcode-scanner']
2026-07-07 14:58:09.813 [INFO    ] [app-main tid=1476] [Sequence] Barcode: 2511TL005663ISI
2026-07-07 14:58:09.817 [INFO    ] [app-main tid=1476] [Sequence] Program: 1
2026-07-07 14:58:10.463 [WARNING ] [ThreadWatchdog tid=13556] Watchdog: − thread DISAPPEARED 'camera-barcode-scanner' (if no FINISHED/CRASHED log above, it died silently)
2026-07-07 14:58:10.463 [DEBUG   ] [ThreadWatchdog tid=13556] Watchdog snapshot: 9 alive — ['DebugMonitor', 'MainThread', 'Thread-3 (robot_state_routine_thread)', 'ThreadWatchdog', 'app-main', 'asyncio_0', 'asyncio_1', 'cam-useeplus-decode', 'camera-_useeplus']
2026-07-07 14:58:12.465 [DEBUG   ] [ThreadWatchdog tid=13556] Watchdog snapshot: 9 alive — ['DebugMonitor', 'MainThread', 'Thread-3 (robot_state_routine_thread)', 'ThreadWatchdog', 'app-main', 'asyncio_0', 'asyncio_1', 'cam-useeplus-decode', 'camera-_useeplus']
2026-07-07 14:58:14.467 [DEBUG   ] [ThreadWatchdog tid=13556] Watchdog snapshot: 9 alive — ['DebugMonitor', 'MainThread', 'Thread-3 (robot_state_routine_thread)', 'ThreadWatchdog', 'app-main', 'asyncio_0', 'asyncio_1', 'cam-useeplus-decode', 'camera-_useeplus']
2026-07-07 14:58:16.469 [DEBUG   ] [ThreadWatchdog tid=13556] Watchdog snapshot: 9 alive — ['DebugMonitor', 'MainThread', 'Thread-3 (robot_state_routine_thread)', 'ThreadWatchdog', 'app-main', 'asyncio_0', 'asyncio_1', 'cam-useeplus-decode', 'camera-_useeplus']
2026-07-07 14:58:18.472 [DEBUG   ] [ThreadWatchdog tid=13556] Watchdog snapshot: 9 alive — ['DebugMonitor', 'MainThread', 'Thread-3 (robot_state_routine_thread)', 'ThreadWatchdog', 'app-main', 'asyncio_0', 'asyncio_1', 'cam-useeplus-decode', 'camera-_useeplus']
2026-07-07 14:58:20.474 [DEBUG   ] [ThreadWatchdog tid=13556] Watchdog snapshot: 9 alive — ['DebugMonitor', 'MainThread', 'Thread-3 (robot_state_routine_thread)', 'ThreadWatchdog', 'app-main', 'asyncio_0', 'asyncio_1', 'cam-useeplus-decode', 'camera-_useeplus']
2026-07-07 14:58:22.476 [DEBUG   ] [ThreadWatchdog tid=13556] Watchdog snapshot: 9 alive — ['DebugMonitor', 'MainThread', 'Thread-3 (robot_state_routine_thread)', 'ThreadWatchdog', 'app-main', 'asyncio_0', 'asyncio_1', 'cam-useeplus-decode', 'camera-_useeplus']
2026-07-07 14:58:24.477 [DEBUG   ] [ThreadWatchdog tid=13556] Watchdog snapshot: 9 alive — ['DebugMonitor', 'MainThread', 'Thread-3 (robot_state_routine_thread)', 'ThreadWatchdog', 'app-main', 'asyncio_0', 'asyncio_1', 'cam-useeplus-decode', 'camera-_useeplus']
2026-07-07 14:58:26.479 [DEBUG   ] [ThreadWatchdog tid=13556] Watchdog snapshot: 9 alive — ['DebugMonitor', 'MainThread', 'Thread-3 (robot_state_routine_thread)', 'ThreadWatchdog', 'app-main', 'asyncio_0', 'asyncio_1', 'cam-useeplus-decode', 'camera-_useeplus']
2026-07-07 14:58:28.480 [DEBUG   ] [ThreadWatchdog tid=13556] Watchdog snapshot: 9 alive — ['DebugMonitor', 'MainThread', 'Thread-3 (robot_state_routine_thread)', 'ThreadWatchdog', 'app-main', 'asyncio_0', 'asyncio_1', 'cam-useeplus-decode', 'camera-_useeplus']
2026-07-07 14:58:29.877 [INFO    ] [app-main tid=1476] [program_1] Done — model answer — barcode=2511TL005663ISI  result={'image_1': 'Yes'}
2026-07-07 14:58:30.473 [INFO    ] [app-main tid=1476] [program_1] Done — barcode=2511TL005663ISI  result=fail
2026-07-07 14:58:30.482 [DEBUG   ] [ThreadWatchdog tid=13556] Watchdog snapshot: 9 alive — ['DebugMonitor', 'MainThread', 'Thread-3 (robot_state_routine_thread)', 'ThreadWatchdog', 'app-main', 'asyncio_0', 'asyncio_1', 'cam-useeplus-decode', 'camera-_useeplus']
2026-07-07 14:58:32.487 [DEBUG   ] [ThreadWatchdog tid=13556] Watchdog snapshot: 9 alive — ['DebugMonitor', 'MainThread', 'Thread-3 (robot_state_routine_thread)', 'ThreadWatchdog', 'app-main', 'asyncio_0', 'asyncio_1', 'cam-useeplus-decode', 'camera-_useeplus']
2026-07-07 14:58:34.490 [DEBUG   ] [ThreadWatchdog tid=13556] Watchdog snapshot: 9 alive — ['DebugMonitor', 'MainThread', 'Thread-3 (robot_state_routine_thread)', 'ThreadWatchdog', 'app-main', 'asyncio_0', 'asyncio_1', 'cam-useeplus-decode', 'camera-_useeplus']
2026-07-07 14:58:36.493 [DEBUG   ] [ThreadWatchdog tid=13556] Watchdog snapshot: 9 alive — ['DebugMonitor', 'MainThread', 'Thread-3 (robot_state_routine_thread)', 'ThreadWatchdog', 'app-main', 'asyncio_0', 'asyncio_1', 'cam-useeplus-decode', 'camera-_useeplus']
2026-07-07 14:58:38.494 [DEBUG   ] [ThreadWatchdog tid=13556] Watchdog snapshot: 9 alive — ['DebugMonitor', 'MainThread', 'Thread-3 (robot_state_routine_thread)', 'ThreadWatchdog', 'app-main', 'asyncio_0', 'asyncio_1', 'cam-useeplus-decode', 'camera-_useeplus']
2026-07-07 14:58:40.497 [DEBUG   ] [ThreadWatchdog tid=13556] Watchdog snapshot: 9 alive — ['DebugMonitor', 'MainThread', 'Thread-3 (robot_state_routine_thread)', 'ThreadWatchdog', 'app-main', 'asyncio_0', 'asyncio_1', 'cam-useeplus-decode', 'camera-_useeplus']
2026-07-07 14:58:42.513 [DEBUG   ] [ThreadWatchdog tid=13556] Watchdog snapshot: 9 alive — ['DebugMonitor', 'MainThread', 'Thread-3 (robot_state_routine_thread)', 'ThreadWatchdog', 'app-main', 'asyncio_0', 'asyncio_1', 'cam-useeplus-decode', 'camera-_useeplus']
2026-07-07 14:58:44.514 [DEBUG   ] [ThreadWatchdog tid=13556] Watchdog snapshot: 9 alive — ['DebugMonitor', 'MainThread', 'Thread-3 (robot_state_routine_thread)', 'ThreadWatchdog', 'app-main', 'asyncio_0', 'asyncio_1', 'cam-useeplus-decode', 'camera-_useeplus']
2026-07-07 14:58:46.516 [DEBUG   ] [ThreadWatchdog tid=13556] Watchdog snapshot: 9 alive — ['DebugMonitor', 'MainThread', 'Thread-3 (robot_state_routine_thread)', 'ThreadWatchdog', 'app-main', 'asyncio_0', 'asyncio_1', 'cam-useeplus-decode', 'camera-_useeplus']
2026-07-07 14:58:48.521 [DEBUG   ] [ThreadWatchdog tid=13556] Watchdog snapshot: 9 alive — ['DebugMonitor', 'MainThread', 'Thread-3 (robot_state_routine_thread)', 'ThreadWatchdog', 'app-main', 'asyncio_0', 'asyncio_1', 'cam-useeplus-decode', 'camera-_useeplus']
2026-07-07 14:58:50.524 [DEBUG   ] [ThreadWatchdog tid=13556] Watchdog snapshot: 9 alive — ['DebugMonitor', 'MainThread', 'Thread-3 (robot_state_routine_thread)', 'ThreadWatchdog', 'app-main', 'asyncio_0', 'asyncio_1', 'cam-useeplus-decode', 'camera-_useeplus']
2026-07-07 14:58:52.526 [DEBUG   ] [ThreadWatchdog tid=13556] Watchdog snapshot: 9 alive — ['DebugMonitor', 'MainThread', 'Thread-3 (robot_state_routine_thread)', 'ThreadWatchdog', 'app-main', 'asyncio_0', 'asyncio_1', 'cam-useeplus-decode', 'camera-_useeplus']
2026-07-07 14:58:53.512 [INFO    ] [app-main tid=1476] [App] DI0 HIGH — starting sequence
2026-07-07 14:58:54.527 [DEBUG   ] [ThreadWatchdog tid=13556] Watchdog snapshot: 9 alive — ['DebugMonitor', 'MainThread', 'Thread-3 (robot_state_routine_thread)', 'ThreadWatchdog', 'app-main', 'asyncio_0', 'asyncio_1', 'cam-useeplus-decode', 'camera-_useeplus']
2026-07-07 14:58:56.529 [DEBUG   ] [ThreadWatchdog tid=13556] Watchdog: + thread appeared 'camera-barcode-scanner' (daemon=True)
2026-07-07 14:58:56.529 [DEBUG   ] [ThreadWatchdog tid=13556] Watchdog snapshot: 10 alive — ['DebugMonitor', 'MainThread', 'Thread-3 (robot_state_routine_thread)', 'ThreadWatchdog', 'app-main', 'asyncio_0', 'asyncio_1', 'cam-useeplus-decode', 'camera-_useeplus', 'camera-barcode-scanner']
2026-07-07 14:58:58.304 [INFO    ] [app-main tid=1476] [Sequence] Barcode: 2511TL005663ISI
2026-07-07 14:58:58.304 [INFO    ] [app-main tid=1476] [Sequence] Program: 1
2026-07-07 14:58:58.536 [WARNING ] [ThreadWatchdog tid=13556] Watchdog: − thread DISAPPEARED 'camera-barcode-scanner' (if no FINISHED/CRASHED log above, it died silently)
2026-07-07 14:58:58.536 [DEBUG   ] [ThreadWatchdog tid=13556] Watchdog snapshot: 9 alive — ['DebugMonitor', 'MainThread', 'Thread-3 (robot_state_routine_thread)', 'ThreadWatchdog', 'app-main', 'asyncio_0', 'asyncio_1', 'cam-useeplus-decode', 'camera-_useeplus']
2026-07-07 14:59:00.538 [DEBUG   ] [ThreadWatchdog tid=13556] Watchdog snapshot: 9 alive — ['DebugMonitor', 'MainThread', 'Thread-3 (robot_state_routine_thread)', 'ThreadWatchdog', 'app-main', 'asyncio_0', 'asyncio_1', 'cam-useeplus-decode', 'camera-_useeplus']
2026-07-07 14:59:02.541 [DEBUG   ] [ThreadWatchdog tid=13556] Watchdog snapshot: 9 alive — ['DebugMonitor', 'MainThread', 'Thread-3 (robot_state_routine_thread)', 'ThreadWatchdog', 'app-main', 'asyncio_0', 'asyncio_1', 'cam-useeplus-decode', 'camera-_useeplus']
2026-07-07 14:59:04.551 [DEBUG   ] [ThreadWatchdog tid=13556] Watchdog snapshot: 9 alive — ['DebugMonitor', 'MainThread', 'Thread-3 (robot_state_routine_thread)', 'ThreadWatchdog', 'app-main', 'asyncio_0', 'asyncio_1', 'cam-useeplus-decode', 'camera-_useeplus']
2026-07-07 14:59:06.552 [DEBUG   ] [ThreadWatchdog tid=13556] Watchdog snapshot: 9 alive — ['DebugMonitor', 'MainThread', 'Thread-3 (robot_state_routine_thread)', 'ThreadWatchdog', 'app-main', 'asyncio_0', 'asyncio_1', 'cam-useeplus-decode', 'camera-_useeplus']
2026-07-07 14:59:08.556 [DEBUG   ] [ThreadWatchdog tid=13556] Watchdog snapshot: 9 alive — ['DebugMonitor', 'MainThread', 'Thread-3 (robot_state_routine_thread)', 'ThreadWatchdog', 'app-main', 'asyncio_0', 'asyncio_1', 'cam-useeplus-decode', 'camera-_useeplus']
2026-07-07 14:59:10.559 [DEBUG   ] [ThreadWatchdog tid=13556] Watchdog snapshot: 9 alive — ['DebugMonitor', 'MainThread', 'Thread-3 (robot_state_routine_thread)', 'ThreadWatchdog', 'app-main', 'asyncio_0', 'asyncio_1', 'cam-useeplus-decode', 'camera-_useeplus']
2026-07-07 14:59:12.561 [DEBUG   ] [ThreadWatchdog tid=13556] Watchdog snapshot: 9 alive — ['DebugMonitor', 'MainThread', 'Thread-3 (robot_state_routine_thread)', 'ThreadWatchdog', 'app-main', 'asyncio_0', 'asyncio_1', 'cam-useeplus-decode', 'camera-_useeplus']
2026-07-07 14:59:14.572 [DEBUG   ] [ThreadWatchdog tid=13556] Watchdog snapshot: 9 alive — ['DebugMonitor', 'MainThread', 'Thread-3 (robot_state_routine_thread)', 'ThreadWatchdog', 'app-main', 'asyncio_0', 'asyncio_1', 'cam-useeplus-decode', 'camera-_useeplus']
2026-07-07 14:59:16.575 [DEBUG   ] [ThreadWatchdog tid=13556] Watchdog snapshot: 9 alive — ['DebugMonitor', 'MainThread', 'Thread-3 (robot_state_routine_thread)', 'ThreadWatchdog', 'app-main', 'asyncio_0', 'asyncio_1', 'cam-useeplus-decode', 'camera-_useeplus']
2026-07-07 14:59:18.577 [DEBUG   ] [ThreadWatchdog tid=13556] Watchdog snapshot: 9 alive — ['DebugMonitor', 'MainThread', 'Thread-3 (robot_state_routine_thread)', 'ThreadWatchdog', 'app-main', 'asyncio_0', 'asyncio_1', 'cam-useeplus-decode', 'camera-_useeplus']
2026-07-07 14:59:18.768 [INFO    ] [app-main tid=1476] [program_1] Done — model answer — barcode=2511TL005663ISI  result={'image_1': 'Yes'}
2026-07-07 14:59:19.391 [INFO    ] [app-main tid=1476] [program_1] Done — barcode=2511TL005663ISI  result=fail
2026-07-07 14:59:20.578 [DEBUG   ] [ThreadWatchdog tid=13556] Watchdog snapshot: 9 alive — ['DebugMonitor', 'MainThread', 'Thread-3 (robot_state_routine_thread)', 'ThreadWatchdog', 'app-main', 'asyncio_0', 'asyncio_1', 'cam-useeplus-decode', 'camera-_useeplus']
2026-07-07 14:59:22.579 [DEBUG   ] [ThreadWatchdog tid=13556] Watchdog snapshot: 9 alive — ['DebugMonitor', 'MainThread', 'Thread-3 (robot_state_routine_thread)', 'ThreadWatchdog', 'app-main', 'asyncio_0', 'asyncio_1', 'cam-useeplus-decode', 'camera-_useeplus']
2026-07-07 14:59:24.584 [DEBUG   ] [ThreadWatchdog tid=13556] Watchdog snapshot: 9 alive — ['DebugMonitor', 'MainThread', 'Thread-3 (robot_state_routine_thread)', 'ThreadWatchdog', 'app-main', 'asyncio_0', 'asyncio_1', 'cam-useeplus-decode', 'camera-_useeplus']
2026-07-07 14:59:26.668 [DEBUG   ] [ThreadWatchdog tid=13556] Watchdog snapshot: 9 alive — ['DebugMonitor', 'MainThread', 'Thread-3 (robot_state_routine_thread)', 'ThreadWatchdog', 'app-main', 'asyncio_0', 'asyncio_1', 'cam-useeplus-decode', 'camera-_useeplus']
2026-07-07 14:59:28.674 [DEBUG   ] [ThreadWatchdog tid=13556] Watchdog snapshot: 9 alive — ['DebugMonitor', 'MainThread', 'Thread-3 (robot_state_routine_thread)', 'ThreadWatchdog', 'app-main', 'asyncio_0', 'asyncio_1', 'cam-useeplus-decode', 'camera-_useeplus']
2026-07-07 14:59:30.681 [DEBUG   ] [ThreadWatchdog tid=13556] Watchdog snapshot: 9 alive — ['DebugMonitor', 'MainThread', 'Thread-3 (robot_state_routine_thread)', 'ThreadWatchdog', 'app-main', 'asyncio_0', 'asyncio_1', 'cam-useeplus-decode', 'camera-_useeplus']
2026-07-07 14:59:32.684 [DEBUG   ] [ThreadWatchdog tid=13556] Watchdog snapshot: 9 alive — ['DebugMonitor', 'MainThread', 'Thread-3 (robot_state_routine_thread)', 'ThreadWatchdog', 'app-main', 'asyncio_0', 'asyncio_1', 'cam-useeplus-decode', 'camera-_useeplus']
2026-07-07 14:59:34.686 [DEBUG   ] [ThreadWatchdog tid=13556] Watchdog snapshot: 9 alive — ['DebugMonitor', 'MainThread', 'Thread-3 (robot_state_routine_thread)', 'ThreadWatchdog', 'app-main', 'asyncio_0', 'asyncio_1', 'cam-useeplus-decode', 'camera-_useeplus']
2026-07-07 14:59:36.688 [DEBUG   ] [ThreadWatchdog tid=13556] Watchdog snapshot: 9 alive — ['DebugMonitor', 'MainThread', 'Thread-3 (robot_state_routine_thread)', 'ThreadWatchdog', 'app-main', 'asyncio_0', 'asyncio_1', 'cam-useeplus-decode', 'camera-_useeplus']
2026-07-07 14:59:38.691 [DEBUG   ] [ThreadWatchdog tid=13556] Watchdog snapshot: 9 alive — ['DebugMonitor', 'MainThread', 'Thread-3 (robot_state_routine_thread)', 'ThreadWatchdog', 'app-main', 'asyncio_0', 'asyncio_1', 'cam-useeplus-decode', 'camera-_useeplus']
2026-07-07 14:59:40.700 [DEBUG   ] [ThreadWatchdog tid=13556] Watchdog snapshot: 9 alive — ['DebugMonitor', 'MainThread', 'Thread-3 (robot_state_routine_thread)', 'ThreadWatchdog', 'app-main', 'asyncio_0', 'asyncio_1', 'cam-useeplus-decode', 'camera-_useeplus']
2026-07-07 14:59:42.704 [DEBUG   ] [ThreadWatchdog tid=13556] Watchdog snapshot: 9 alive — ['DebugMonitor', 'MainThread', 'Thread-3 (robot_state_routine_thread)', 'ThreadWatchdog', 'app-main', 'asyncio_0', 'asyncio_1', 'cam-useeplus-decode', 'camera-_useeplus']
2026-07-07 14:59:44.717 [DEBUG   ] [ThreadWatchdog tid=13556] Watchdog snapshot: 9 alive — ['DebugMonitor', 'MainThread', 'Thread-3 (robot_state_routine_thread)', 'ThreadWatchdog', 'app-main', 'asyncio_0', 'asyncio_1', 'cam-useeplus-decode', 'camera-_useeplus']
2026-07-07 14:59:46.719 [DEBUG   ] [ThreadWatchdog tid=13556] Watchdog snapshot: 9 alive — ['DebugMonitor', 'MainThread', 'Thread-3 (robot_state_routine_thread)', 'ThreadWatchdog', 'app-main', 'asyncio_0', 'asyncio_1', 'cam-useeplus-decode', 'camera-_useeplus']
2026-07-07 14:59:48.729 [DEBUG   ] [ThreadWatchdog tid=13556] Watchdog snapshot: 9 alive — ['DebugMonitor', 'MainThread', 'Thread-3 (robot_state_routine_thread)', 'ThreadWatchdog', 'app-main', 'asyncio_0', 'asyncio_1', 'cam-useeplus-decode', 'camera-_useeplus']
2026-07-07 14:59:50.733 [DEBUG   ] [ThreadWatchdog tid=13556] Watchdog snapshot: 9 alive — ['DebugMonitor', 'MainThread', 'Thread-3 (robot_state_routine_thread)', 'ThreadWatchdog', 'app-main', 'asyncio_0', 'asyncio_1', 'cam-useeplus-decode', 'camera-_useeplus']
2026-07-07 14:59:52.745 [DEBUG   ] [ThreadWatchdog tid=13556] Watchdog snapshot: 9 alive — ['DebugMonitor', 'MainThread', 'Thread-3 (robot_state_routine_thread)', 'ThreadWatchdog', 'app-main', 'asyncio_0', 'asyncio_1', 'cam-useeplus-decode', 'camera-_useeplus']
2026-07-07 14:59:54.748 [DEBUG   ] [ThreadWatchdog tid=13556] Watchdog snapshot: 9 alive — ['DebugMonitor', 'MainThread', 'Thread-3 (robot_state_routine_thread)', 'ThreadWatchdog', 'app-main', 'asyncio_0', 'asyncio_1', 'cam-useeplus-decode', 'camera-_useeplus']
2026-07-07 14:59:56.759 [DEBUG   ] [ThreadWatchdog tid=13556] Watchdog snapshot: 9 alive — ['DebugMonitor', 'MainThread', 'Thread-3 (robot_state_routine_thread)', 'ThreadWatchdog', 'app-main', 'asyncio_0', 'asyncio_1', 'cam-useeplus-decode', 'camera-_useeplus']
2026-07-07 14:59:58.769 [DEBUG   ] [ThreadWatchdog tid=13556] Watchdog snapshot: 9 alive — ['DebugMonitor', 'MainThread', 'Thread-3 (robot_state_routine_thread)', 'ThreadWatchdog', 'app-main', 'asyncio_0', 'asyncio_1', 'cam-useeplus-decode', 'camera-_useeplus']
2026-07-07 15:00:00.770 [DEBUG   ] [ThreadWatchdog tid=13556] Watchdog snapshot: 9 alive — ['DebugMonitor', 'MainThread', 'Thread-3 (robot_state_routine_thread)', 'ThreadWatchdog', 'app-main', 'asyncio_0', 'asyncio_1', 'cam-useeplus-decode', 'camera-_useeplus']
2026-07-07 15:00:02.772 [DEBUG   ] [ThreadWatchdog tid=13556] Watchdog snapshot: 9 alive — ['DebugMonitor', 'MainThread', 'Thread-3 (robot_state_routine_thread)', 'ThreadWatchdog', 'app-main', 'asyncio_0', 'asyncio_1', 'cam-useeplus-decode', 'camera-_useeplus']
2026-07-07 15:00:04.772 [DEBUG   ] [ThreadWatchdog tid=13556] Watchdog snapshot: 9 alive — ['DebugMonitor', 'MainThread', 'Thread-3 (robot_state_routine_thread)', 'ThreadWatchdog', 'app-main', 'asyncio_0', 'asyncio_1', 'cam-useeplus-decode', 'camera-_useeplus']
2026-07-07 15:00:06.774 [DEBUG   ] [ThreadWatchdog tid=13556] Watchdog snapshot: 9 alive — ['DebugMonitor', 'MainThread', 'Thread-3 (robot_state_routine_thread)', 'ThreadWatchdog', 'app-main', 'asyncio_0', 'asyncio_1', 'cam-useeplus-decode', 'camera-_useeplus']
2026-07-07 15:00:08.776 [DEBUG   ] [ThreadWatchdog tid=13556] Watchdog snapshot: 9 alive — ['DebugMonitor', 'MainThread', 'Thread-3 (robot_state_routine_thread)', 'ThreadWatchdog', 'app-main', 'asyncio_0', 'asyncio_1', 'cam-useeplus-decode', 'camera-_useeplus']
2026-07-07 15:00:10.788 [DEBUG   ] [ThreadWatchdog tid=13556] Watchdog snapshot: 9 alive — ['DebugMonitor', 'MainThread', 'Thread-3 (robot_state_routine_thread)', 'ThreadWatchdog', 'app-main', 'asyncio_0', 'asyncio_1', 'cam-useeplus-decode', 'camera-_useeplus']
2026-07-07 15:00:12.799 [DEBUG   ] [ThreadWatchdog tid=13556] Watchdog snapshot: 9 alive — ['DebugMonitor', 'MainThread', 'Thread-3 (robot_state_routine_thread)', 'ThreadWatchdog', 'app-main', 'asyncio_0', 'asyncio_1', 'cam-useeplus-decode', 'camera-_useeplus']
2026-07-07 15:00:14.802 [DEBUG   ] [ThreadWatchdog tid=13556] Watchdog snapshot: 9 alive — ['DebugMonitor', 'MainThread', 'Thread-3 (robot_state_routine_thread)', 'ThreadWatchdog', 'app-main', 'asyncio_0', 'asyncio_1', 'cam-useeplus-decode', 'camera-_useeplus']
2026-07-07 15:00:16.803 [DEBUG   ] [ThreadWatchdog tid=13556] Watchdog snapshot: 9 alive — ['DebugMonitor', 'MainThread', 'Thread-3 (robot_state_routine_thread)', 'ThreadWatchdog', 'app-main', 'asyncio_0', 'asyncio_1', 'cam-useeplus-decode', 'camera-_useeplus']
2026-07-07 15:00:18.804 [DEBUG   ] [ThreadWatchdog tid=13556] Watchdog snapshot: 9 alive — ['DebugMonitor', 'MainThread', 'Thread-3 (robot_state_routine_thread)', 'ThreadWatchdog', 'app-main', 'asyncio_0', 'asyncio_1', 'cam-useeplus-decode', 'camera-_useeplus']
2026-07-07 15:00:20.327 [INFO    ] [app-main tid=1476] [App] DI0 HIGH — starting sequence
2026-07-07 15:00:20.814 [DEBUG   ] [ThreadWatchdog tid=13556] Watchdog snapshot: 9 alive — ['DebugMonitor', 'MainThread', 'Thread-3 (robot_state_routine_thread)', 'ThreadWatchdog', 'app-main', 'asyncio_0', 'asyncio_1', 'cam-useeplus-decode', 'camera-_useeplus']
2026-07-07 15:00:22.816 [DEBUG   ] [ThreadWatchdog tid=13556] Watchdog: + thread appeared 'camera-barcode-scanner' (daemon=True)
2026-07-07 15:00:22.816 [DEBUG   ] [ThreadWatchdog tid=13556] Watchdog snapshot: 10 alive — ['DebugMonitor', 'MainThread', 'Thread-3 (robot_state_routine_thread)', 'ThreadWatchdog', 'app-main', 'asyncio_0', 'asyncio_1', 'cam-useeplus-decode', 'camera-_useeplus', 'camera-barcode-scanner']
2026-07-07 15:00:24.784 [INFO    ] [app-main tid=1476] [Sequence] Barcode: 2511TL005663ISI
2026-07-07 15:00:24.789 [INFO    ] [app-main tid=1476] [Sequence] Program: 1
2026-07-07 15:00:24.818 [WARNING ] [ThreadWatchdog tid=13556] Watchdog: − thread DISAPPEARED 'camera-barcode-scanner' (if no FINISHED/CRASHED log above, it died silently)
2026-07-07 15:00:24.818 [DEBUG   ] [ThreadWatchdog tid=13556] Watchdog snapshot: 9 alive — ['DebugMonitor', 'MainThread', 'Thread-3 (robot_state_routine_thread)', 'ThreadWatchdog', 'app-main', 'asyncio_0', 'asyncio_1', 'cam-useeplus-decode', 'camera-_useeplus']
2026-07-07 15:00:26.826 [DEBUG   ] [ThreadWatchdog tid=13556] Watchdog snapshot: 9 alive — ['DebugMonitor', 'MainThread', 'Thread-3 (robot_state_routine_thread)', 'ThreadWatchdog', 'app-main', 'asyncio_0', 'asyncio_1', 'cam-useeplus-decode', 'camera-_useeplus']
2026-07-07 15:00:28.830 [DEBUG   ] [ThreadWatchdog tid=13556] Watchdog snapshot: 9 alive — ['DebugMonitor', 'MainThread', 'Thread-3 (robot_state_routine_thread)', 'ThreadWatchdog', 'app-main', 'asyncio_0', 'asyncio_1', 'cam-useeplus-decode', 'camera-_useeplus']
2026-07-07 15:00:30.831 [DEBUG   ] [ThreadWatchdog tid=13556] Watchdog snapshot: 9 alive — ['DebugMonitor', 'MainThread', 'Thread-3 (robot_state_routine_thread)', 'ThreadWatchdog', 'app-main', 'asyncio_0', 'asyncio_1', 'cam-useeplus-decode', 'camera-_useeplus']
2026-07-07 15:00:32.833 [DEBUG   ] [ThreadWatchdog tid=13556] Watchdog snapshot: 9 alive — ['DebugMonitor', 'MainThread', 'Thread-3 (robot_state_routine_thread)', 'ThreadWatchdog', 'app-main', 'asyncio_0', 'asyncio_1', 'cam-useeplus-decode', 'camera-_useeplus']
2026-07-07 15:00:34.834 [DEBUG   ] [ThreadWatchdog tid=13556] Watchdog snapshot: 9 alive — ['DebugMonitor', 'MainThread', 'Thread-3 (robot_state_routine_thread)', 'ThreadWatchdog', 'app-main', 'asyncio_0', 'asyncio_1', 'cam-useeplus-decode', 'camera-_useeplus']
2026-07-07 15:00:36.836 [DEBUG   ] [ThreadWatchdog tid=13556] Watchdog snapshot: 9 alive — ['DebugMonitor', 'MainThread', 'Thread-3 (robot_state_routine_thread)', 'ThreadWatchdog', 'app-main', 'asyncio_0', 'asyncio_1', 'cam-useeplus-decode', 'camera-_useeplus']
2026-07-07 15:00:38.837 [DEBUG   ] [ThreadWatchdog tid=13556] Watchdog snapshot: 9 alive — ['DebugMonitor', 'MainThread', 'Thread-3 (robot_state_routine_thread)', 'ThreadWatchdog', 'app-main', 'asyncio_0', 'asyncio_1', 'cam-useeplus-decode', 'camera-_useeplus']
2026-07-07 15:00:40.839 [DEBUG   ] [ThreadWatchdog tid=13556] Watchdog snapshot: 9 alive — ['DebugMonitor', 'MainThread', 'Thread-3 (robot_state_routine_thread)', 'ThreadWatchdog', 'app-main', 'asyncio_0', 'asyncio_1', 'cam-useeplus-decode', 'camera-_useeplus']
2026-07-07 15:00:42.845 [DEBUG   ] [ThreadWatchdog tid=13556] Watchdog snapshot: 9 alive — ['DebugMonitor', 'MainThread', 'Thread-3 (robot_state_routine_thread)', 'ThreadWatchdog', 'app-main', 'asyncio_0', 'asyncio_1', 'cam-useeplus-decode', 'camera-_useeplus']
2026-07-07 15:00:44.848 [DEBUG   ] [ThreadWatchdog tid=13556] Watchdog snapshot: 9 alive — ['DebugMonitor', 'MainThread', 'Thread-3 (robot_state_routine_thread)', 'ThreadWatchdog', 'app-main', 'asyncio_0', 'asyncio_1', 'cam-useeplus-decode', 'camera-_useeplus']
2026-07-07 15:00:46.849 [DEBUG   ] [ThreadWatchdog tid=13556] Watchdog snapshot: 9 alive — ['DebugMonitor', 'MainThread', 'Thread-3 (robot_state_routine_thread)', 'ThreadWatchdog', 'app-main', 'asyncio_0', 'asyncio_1', 'cam-useeplus-decode', 'camera-_useeplus']
2026-07-07 15:00:48.851 [DEBUG   ] [ThreadWatchdog tid=13556] Watchdog snapshot: 9 alive — ['DebugMonitor', 'MainThread', 'Thread-3 (robot_state_routine_thread)', 'ThreadWatchdog', 'app-main', 'asyncio_0', 'asyncio_1', 'cam-useeplus-decode', 'camera-_useeplus']
2026-07-07 15:00:50.859 [DEBUG   ] [ThreadWatchdog tid=13556] Watchdog snapshot: 9 alive — ['DebugMonitor', 'MainThread', 'Thread-3 (robot_state_routine_thread)', 'ThreadWatchdog', 'app-main', 'asyncio_0', 'asyncio_1', 'cam-useeplus-decode', 'camera-_useeplus']
2026-07-07 15:00:52.863 [DEBUG   ] [ThreadWatchdog tid=13556] Watchdog snapshot: 9 alive — ['DebugMonitor', 'MainThread', 'Thread-3 (robot_state_routine_thread)', 'ThreadWatchdog', 'app-main', 'asyncio_0', 'asyncio_1', 'cam-useeplus-decode', 'camera-_useeplus']
2026-07-07 15:00:54.875 [DEBUG   ] [ThreadWatchdog tid=13556] Watchdog snapshot: 9 alive — ['DebugMonitor', 'MainThread', 'Thread-3 (robot_state_routine_thread)', 'ThreadWatchdog', 'app-main', 'asyncio_0', 'asyncio_1', 'cam-useeplus-decode', 'camera-_useeplus']
2026-07-07 15:00:56.885 [DEBUG   ] [ThreadWatchdog tid=13556] Watchdog snapshot: 9 alive — ['DebugMonitor', 'MainThread', 'Thread-3 (robot_state_routine_thread)', 'ThreadWatchdog', 'app-main', 'asyncio_0', 'asyncio_1', 'cam-useeplus-decode', 'camera-_useeplus']
2026-07-07 15:00:57.088 [INFO    ] [app-main tid=1476] [program_1] Done — model answer — barcode=2511TL005663ISI  result={'image_1': 'Yes'}
2026-07-07 15:00:57.731 [INFO    ] [app-main tid=1476] [program_1] Done — barcode=2511TL005663ISI  result=fail
2026-07-07 15:00:58.888 [DEBUG   ] [ThreadWatchdog tid=13556] Watchdog snapshot: 9 alive — ['DebugMonitor', 'MainThread', 'Thread-3 (robot_state_routine_thread)', 'ThreadWatchdog', 'app-main', 'asyncio_0', 'asyncio_1', 'cam-useeplus-decode', 'camera-_useeplus']
2026-07-07 15:01:00.892 [DEBUG   ] [ThreadWatchdog tid=13556] Watchdog snapshot: 9 alive — ['DebugMonitor', 'MainThread', 'Thread-3 (robot_state_routine_thread)', 'ThreadWatchdog', 'app-main', 'asyncio_0', 'asyncio_1', 'cam-useeplus-decode', 'camera-_useeplus']
2026-07-07 15:01:02.903 [DEBUG   ] [ThreadWatchdog tid=13556] Watchdog snapshot: 9 alive — ['DebugMonitor', 'MainThread', 'Thread-3 (robot_state_routine_thread)', 'ThreadWatchdog', 'app-main', 'asyncio_0', 'asyncio_1', 'cam-useeplus-decode', 'camera-_useeplus']
2026-07-07 15:01:04.916 [DEBUG   ] [ThreadWatchdog tid=13556] Watchdog snapshot: 9 alive — ['DebugMonitor', 'MainThread', 'Thread-3 (robot_state_routine_thread)', 'ThreadWatchdog', 'app-main', 'asyncio_0', 'asyncio_1', 'cam-useeplus-decode', 'camera-_useeplus']
2026-07-07 15:01:06.917 [DEBUG   ] [ThreadWatchdog tid=13556] Watchdog snapshot: 9 alive — ['DebugMonitor', 'MainThread', 'Thread-3 (robot_state_routine_thread)', 'ThreadWatchdog', 'app-main', 'asyncio_0', 'asyncio_1', 'cam-useeplus-decode', 'camera-_useeplus']
2026-07-07 15:01:08.918 [DEBUG   ] [ThreadWatchdog tid=13556] Watchdog snapshot: 9 alive — ['DebugMonitor', 'MainThread', 'Thread-3 (robot_state_routine_thread)', 'ThreadWatchdog', 'app-main', 'asyncio_0', 'asyncio_1', 'cam-useeplus-decode', 'camera-_useeplus']
2026-07-07 15:01:10.919 [DEBUG   ] [ThreadWatchdog tid=13556] Watchdog snapshot: 9 alive — ['DebugMonitor', 'MainThread', 'Thread-3 (robot_state_routine_thread)', 'ThreadWatchdog', 'app-main', 'asyncio_0', 'asyncio_1', 'cam-useeplus-decode', 'camera-_useeplus']
2026-07-07 15:01:12.927 [DEBUG   ] [ThreadWatchdog tid=13556] Watchdog snapshot: 9 alive — ['DebugMonitor', 'MainThread', 'Thread-3 (robot_state_routine_thread)', 'ThreadWatchdog', 'app-main', 'asyncio_0', 'asyncio_1', 'cam-useeplus-decode', 'camera-_useeplus']
2026-07-07 15:01:14.930 [DEBUG   ] [ThreadWatchdog tid=13556] Watchdog snapshot: 9 alive — ['DebugMonitor', 'MainThread', 'Thread-3 (robot_state_routine_thread)', 'ThreadWatchdog', 'app-main', 'asyncio_0', 'asyncio_1', 'cam-useeplus-decode', 'camera-_useeplus']
2026-07-07 15:01:16.932 [DEBUG   ] [ThreadWatchdog tid=13556] Watchdog snapshot: 9 alive — ['DebugMonitor', 'MainThread', 'Thread-3 (robot_state_routine_thread)', 'ThreadWatchdog', 'app-main', 'asyncio_0', 'asyncio_1', 'cam-useeplus-decode', 'camera-_useeplus']
2026-07-07 15:01:18.934 [DEBUG   ] [ThreadWatchdog tid=13556] Watchdog snapshot: 9 alive — ['DebugMonitor', 'MainThread', 'Thread-3 (robot_state_routine_thread)', 'ThreadWatchdog', 'app-main', 'asyncio_0', 'asyncio_1', 'cam-useeplus-decode', 'camera-_useeplus']
2026-07-07 15:01:20.937 [DEBUG   ] [ThreadWatchdog tid=13556] Watchdog snapshot: 9 alive — ['DebugMonitor', 'MainThread', 'Thread-3 (robot_state_routine_thread)', 'ThreadWatchdog', 'app-main', 'asyncio_0', 'asyncio_1', 'cam-useeplus-decode', 'camera-_useeplus']
2026-07-07 15:01:22.943 [DEBUG   ] [ThreadWatchdog tid=13556] Watchdog snapshot: 9 alive — ['DebugMonitor', 'MainThread', 'Thread-3 (robot_state_routine_thread)', 'ThreadWatchdog', 'app-main', 'asyncio_0', 'asyncio_1', 'cam-useeplus-decode', 'camera-_useeplus']
2026-07-07 15:01:24.951 [DEBUG   ] [ThreadWatchdog tid=13556] Watchdog snapshot: 9 alive — ['DebugMonitor', 'MainThread', 'Thread-3 (robot_state_routine_thread)', 'ThreadWatchdog', 'app-main', 'asyncio_0', 'asyncio_1', 'cam-useeplus-decode', 'camera-_useeplus']
2026-07-07 15:01:26.953 [DEBUG   ] [ThreadWatchdog tid=13556] Watchdog snapshot: 9 alive — ['DebugMonitor', 'MainThread', 'Thread-3 (robot_state_routine_thread)', 'ThreadWatchdog', 'app-main', 'asyncio_0', 'asyncio_1', 'cam-useeplus-decode', 'camera-_useeplus']
2026-07-07 15:01:28.959 [DEBUG   ] [ThreadWatchdog tid=13556] Watchdog snapshot: 9 alive — ['DebugMonitor', 'MainThread', 'Thread-3 (robot_state_routine_thread)', 'ThreadWatchdog', 'app-main', 'asyncio_0', 'asyncio_1', 'cam-useeplus-decode', 'camera-_useeplus']
2026-07-07 15:01:30.961 [DEBUG   ] [ThreadWatchdog tid=13556] Watchdog snapshot: 9 alive — ['DebugMonitor', 'MainThread', 'Thread-3 (robot_state_routine_thread)', 'ThreadWatchdog', 'app-main', 'asyncio_0', 'asyncio_1', 'cam-useeplus-decode', 'camera-_useeplus']
2026-07-07 15:01:32.963 [DEBUG   ] [ThreadWatchdog tid=13556] Watchdog snapshot: 9 alive — ['DebugMonitor', 'MainThread', 'Thread-3 (robot_state_routine_thread)', 'ThreadWatchdog', 'app-main', 'asyncio_0', 'asyncio_1', 'cam-useeplus-decode', 'camera-_useeplus']
2026-07-07 15:01:34.967 [DEBUG   ] [ThreadWatchdog tid=13556] Watchdog snapshot: 9 alive — ['DebugMonitor', 'MainThread', 'Thread-3 (robot_state_routine_thread)', 'ThreadWatchdog', 'app-main', 'asyncio_0', 'asyncio_1', 'cam-useeplus-decode', 'camera-_useeplus']
2026-07-07 15:01:36.968 [DEBUG   ] [ThreadWatchdog tid=13556] Watchdog snapshot: 9 alive — ['DebugMonitor', 'MainThread', 'Thread-3 (robot_state_routine_thread)', 'ThreadWatchdog', 'app-main', 'asyncio_0', 'asyncio_1', 'cam-useeplus-decode', 'camera-_useeplus']
2026-07-07 15:01:38.970 [DEBUG   ] [ThreadWatchdog tid=13556] Watchdog snapshot: 9 alive — ['DebugMonitor', 'MainThread', 'Thread-3 (robot_state_routine_thread)', 'ThreadWatchdog', 'app-main', 'asyncio_0', 'asyncio_1', 'cam-useeplus-decode', 'camera-_useeplus']
2026-07-07 15:01:40.971 [DEBUG   ] [ThreadWatchdog tid=13556] Watchdog snapshot: 9 alive — ['DebugMonitor', 'MainThread', 'Thread-3 (robot_state_routine_thread)', 'ThreadWatchdog', 'app-main', 'asyncio_0', 'asyncio_1', 'cam-useeplus-decode', 'camera-_useeplus']
2026-07-07 15:01:42.975 [DEBUG   ] [ThreadWatchdog tid=13556] Watchdog snapshot: 9 alive — ['DebugMonitor', 'MainThread', 'Thread-3 (robot_state_routine_thread)', 'ThreadWatchdog', 'app-main', 'asyncio_0', 'asyncio_1', 'cam-useeplus-decode', 'camera-_useeplus']
2026-07-07 15:01:44.977 [DEBUG   ] [ThreadWatchdog tid=13556] Watchdog snapshot: 9 alive — ['DebugMonitor', 'MainThread', 'Thread-3 (robot_state_routine_thread)', 'ThreadWatchdog', 'app-main', 'asyncio_0', 'asyncio_1', 'cam-useeplus-decode', 'camera-_useeplus']
2026-07-07 15:01:46.985 [DEBUG   ] [ThreadWatchdog tid=13556] Watchdog snapshot: 9 alive — ['DebugMonitor', 'MainThread', 'Thread-3 (robot_state_routine_thread)', 'ThreadWatchdog', 'app-main', 'asyncio_0', 'asyncio_1', 'cam-useeplus-decode', 'camera-_useeplus']
2026-07-07 15:01:48.991 [DEBUG   ] [ThreadWatchdog tid=13556] Watchdog snapshot: 9 alive — ['DebugMonitor', 'MainThread', 'Thread-3 (robot_state_routine_thread)', 'ThreadWatchdog', 'app-main', 'asyncio_0', 'asyncio_1', 'cam-useeplus-decode', 'camera-_useeplus']
2026-07-07 15:01:51.004 [DEBUG   ] [ThreadWatchdog tid=13556] Watchdog snapshot: 9 alive — ['DebugMonitor', 'MainThread', 'Thread-3 (robot_state_routine_thread)', 'ThreadWatchdog', 'app-main', 'asyncio_0', 'asyncio_1', 'cam-useeplus-decode', 'camera-_useeplus']
2026-07-07 15:01:53.014 [DEBUG   ] [ThreadWatchdog tid=13556] Watchdog snapshot: 9 alive — ['DebugMonitor', 'MainThread', 'Thread-3 (robot_state_routine_thread)', 'ThreadWatchdog', 'app-main', 'asyncio_0', 'asyncio_1', 'cam-useeplus-decode', 'camera-_useeplus']
2026-07-07 15:01:55.024 [DEBUG   ] [ThreadWatchdog tid=13556] Watchdog snapshot: 9 alive — ['DebugMonitor', 'MainThread', 'Thread-3 (robot_state_routine_thread)', 'ThreadWatchdog', 'app-main', 'asyncio_0', 'asyncio_1', 'cam-useeplus-decode', 'camera-_useeplus']
2026-07-07 15:01:57.032 [DEBUG   ] [ThreadWatchdog tid=13556] Watchdog snapshot: 9 alive — ['DebugMonitor', 'MainThread', 'Thread-3 (robot_state_routine_thread)', 'ThreadWatchdog', 'app-main', 'asyncio_0', 'asyncio_1', 'cam-useeplus-decode', 'camera-_useeplus']
2026-07-07 15:01:59.035 [DEBUG   ] [ThreadWatchdog tid=13556] Watchdog snapshot: 9 alive — ['DebugMonitor', 'MainThread', 'Thread-3 (robot_state_routine_thread)', 'ThreadWatchdog', 'app-main', 'asyncio_0', 'asyncio_1', 'cam-useeplus-decode', 'camera-_useeplus']
2026-07-07 15:02:01.040 [DEBUG   ] [ThreadWatchdog tid=13556] Watchdog snapshot: 9 alive — ['DebugMonitor', 'MainThread', 'Thread-3 (robot_state_routine_thread)', 'ThreadWatchdog', 'app-main', 'asyncio_0', 'asyncio_1', 'cam-useeplus-decode', 'camera-_useeplus']
2026-07-07 15:02:03.052 [DEBUG   ] [ThreadWatchdog tid=13556] Watchdog snapshot: 9 alive — ['DebugMonitor', 'MainThread', 'Thread-3 (robot_state_routine_thread)', 'ThreadWatchdog', 'app-main', 'asyncio_0', 'asyncio_1', 'cam-useeplus-decode', 'camera-_useeplus']
2026-07-07 15:02:05.060 [DEBUG   ] [ThreadWatchdog tid=13556] Watchdog snapshot: 9 alive — ['DebugMonitor', 'MainThread', 'Thread-3 (robot_state_routine_thread)', 'ThreadWatchdog', 'app-main', 'asyncio_0', 'asyncio_1', 'cam-useeplus-decode', 'camera-_useeplus']
2026-07-07 15:02:07.063 [DEBUG   ] [ThreadWatchdog tid=13556] Watchdog snapshot: 9 alive — ['DebugMonitor', 'MainThread', 'Thread-3 (robot_state_routine_thread)', 'ThreadWatchdog', 'app-main', 'asyncio_0', 'asyncio_1', 'cam-useeplus-decode', 'camera-_useeplus']
2026-07-07 15:02:09.066 [DEBUG   ] [ThreadWatchdog tid=13556] Watchdog snapshot: 9 alive — ['DebugMonitor', 'MainThread', 'Thread-3 (robot_state_routine_thread)', 'ThreadWatchdog', 'app-main', 'asyncio_0', 'asyncio_1', 'cam-useeplus-decode', 'camera-_useeplus']
2026-07-07 15:02:11.067 [DEBUG   ] [ThreadWatchdog tid=13556] Watchdog snapshot: 9 alive — ['DebugMonitor', 'MainThread', 'Thread-3 (robot_state_routine_thread)', 'ThreadWatchdog', 'app-main', 'asyncio_0', 'asyncio_1', 'cam-useeplus-decode', 'camera-_useeplus']
2026-07-07 15:02:13.069 [DEBUG   ] [ThreadWatchdog tid=13556] Watchdog snapshot: 9 alive — ['DebugMonitor', 'MainThread', 'Thread-3 (robot_state_routine_thread)', 'ThreadWatchdog', 'app-main', 'asyncio_0', 'asyncio_1', 'cam-useeplus-decode', 'camera-_useeplus']
2026-07-07 15:02:15.073 [DEBUG   ] [ThreadWatchdog tid=13556] Watchdog snapshot: 9 alive — ['DebugMonitor', 'MainThread', 'Thread-3 (robot_state_routine_thread)', 'ThreadWatchdog', 'app-main', 'asyncio_0', 'asyncio_1', 'cam-useeplus-decode', 'camera-_useeplus']
2026-07-07 15:02:17.074 [DEBUG   ] [ThreadWatchdog tid=13556] Watchdog snapshot: 9 alive — ['DebugMonitor', 'MainThread', 'Thread-3 (robot_state_routine_thread)', 'ThreadWatchdog', 'app-main', 'asyncio_0', 'asyncio_1', 'cam-useeplus-decode', 'camera-_useeplus']
2026-07-07 15:02:19.084 [DEBUG   ] [ThreadWatchdog tid=13556] Watchdog snapshot: 9 alive — ['DebugMonitor', 'MainThread', 'Thread-3 (robot_state_routine_thread)', 'ThreadWatchdog', 'app-main', 'asyncio_0', 'asyncio_1', 'cam-useeplus-decode', 'camera-_useeplus']
2026-07-07 15:02:21.089 [DEBUG   ] [ThreadWatchdog tid=13556] Watchdog snapshot: 9 alive — ['DebugMonitor', 'MainThread', 'Thread-3 (robot_state_routine_thread)', 'ThreadWatchdog', 'app-main', 'asyncio_0', 'asyncio_1', 'cam-useeplus-decode', 'camera-_useeplus']
2026-07-07 15:02:23.092 [DEBUG   ] [ThreadWatchdog tid=13556] Watchdog snapshot: 9 alive — ['DebugMonitor', 'MainThread', 'Thread-3 (robot_state_routine_thread)', 'ThreadWatchdog', 'app-main', 'asyncio_0', 'asyncio_1', 'cam-useeplus-decode', 'camera-_useeplus']
2026-07-07 15:02:25.093 [DEBUG   ] [ThreadWatchdog tid=13556] Watchdog snapshot: 9 alive — ['DebugMonitor', 'MainThread', 'Thread-3 (robot_state_routine_thread)', 'ThreadWatchdog', 'app-main', 'asyncio_0', 'asyncio_1', 'cam-useeplus-decode', 'camera-_useeplus']
2026-07-07 15:02:27.094 [DEBUG   ] [ThreadWatchdog tid=13556] Watchdog snapshot: 9 alive — ['DebugMonitor', 'MainThread', 'Thread-3 (robot_state_routine_thread)', 'ThreadWatchdog', 'app-main', 'asyncio_0', 'asyncio_1', 'cam-useeplus-decode', 'camera-_useeplus']
2026-07-07 15:02:29.096 [DEBUG   ] [ThreadWatchdog tid=13556] Watchdog snapshot: 9 alive — ['DebugMonitor', 'MainThread', 'Thread-3 (robot_state_routine_thread)', 'ThreadWatchdog', 'app-main', 'asyncio_0', 'asyncio_1', 'cam-useeplus-decode', 'camera-_useeplus']
2026-07-07 15:02:31.098 [DEBUG   ] [ThreadWatchdog tid=13556] Watchdog snapshot: 9 alive — ['DebugMonitor', 'MainThread', 'Thread-3 (robot_state_routine_thread)', 'ThreadWatchdog', 'app-main', 'asyncio_0', 'asyncio_1', 'cam-useeplus-decode', 'camera-_useeplus']
2026-07-07 15:02:33.101 [DEBUG   ] [ThreadWatchdog tid=13556] Watchdog snapshot: 9 alive — ['DebugMonitor', 'MainThread', 'Thread-3 (robot_state_routine_thread)', 'ThreadWatchdog', 'app-main', 'asyncio_0', 'asyncio_1', 'cam-useeplus-decode', 'camera-_useeplus']
2026-07-07 15:02:35.105 [DEBUG   ] [ThreadWatchdog tid=13556] Watchdog snapshot: 9 alive — ['DebugMonitor', 'MainThread', 'Thread-3 (robot_state_routine_thread)', 'ThreadWatchdog', 'app-main', 'asyncio_0', 'asyncio_1', 'cam-useeplus-decode', 'camera-_useeplus']
2026-07-07 15:02:37.107 [DEBUG   ] [ThreadWatchdog tid=13556] Watchdog snapshot: 9 alive — ['DebugMonitor', 'MainThread', 'Thread-3 (robot_state_routine_thread)', 'ThreadWatchdog', 'app-main', 'asyncio_0', 'asyncio_1', 'cam-useeplus-decode', 'camera-_useeplus']
2026-07-07 15:02:39.108 [DEBUG   ] [ThreadWatchdog tid=13556] Watchdog snapshot: 9 alive — ['DebugMonitor', 'MainThread', 'Thread-3 (robot_state_routine_thread)', 'ThreadWatchdog', 'app-main', 'asyncio_0', 'asyncio_1', 'cam-useeplus-decode', 'camera-_useeplus']
2026-07-07 15:02:41.111 [DEBUG   ] [ThreadWatchdog tid=13556] Watchdog snapshot: 9 alive — ['DebugMonitor', 'MainThread', 'Thread-3 (robot_state_routine_thread)', 'ThreadWatchdog', 'app-main', 'asyncio_0', 'asyncio_1', 'cam-useeplus-decode', 'camera-_useeplus']
2026-07-07 15:02:43.125 [DEBUG   ] [ThreadWatchdog tid=13556] Watchdog snapshot: 9 alive — ['DebugMonitor', 'MainThread', 'Thread-3 (robot_state_routine_thread)', 'ThreadWatchdog', 'app-main', 'asyncio_0', 'asyncio_1', 'cam-useeplus-decode', 'camera-_useeplus']
2026-07-07 15:02:45.127 [DEBUG   ] [ThreadWatchdog tid=13556] Watchdog snapshot: 9 alive — ['DebugMonitor', 'MainThread', 'Thread-3 (robot_state_routine_thread)', 'ThreadWatchdog', 'app-main', 'asyncio_0', 'asyncio_1', 'cam-useeplus-decode', 'camera-_useeplus']
2026-07-07 15:02:47.128 [DEBUG   ] [ThreadWatchdog tid=13556] Watchdog snapshot: 9 alive — ['DebugMonitor', 'MainThread', 'Thread-3 (robot_state_routine_thread)', 'ThreadWatchdog', 'app-main', 'asyncio_0', 'asyncio_1', 'cam-useeplus-decode', 'camera-_useeplus']
2026-07-07 15:02:49.130 [DEBUG   ] [ThreadWatchdog tid=13556] Watchdog snapshot: 9 alive — ['DebugMonitor', 'MainThread', 'Thread-3 (robot_state_routine_thread)', 'ThreadWatchdog', 'app-main', 'asyncio_0', 'asyncio_1', 'cam-useeplus-decode', 'camera-_useeplus']
2026-07-07 15:02:51.131 [DEBUG   ] [ThreadWatchdog tid=13556] Watchdog snapshot: 9 alive — ['DebugMonitor', 'MainThread', 'Thread-3 (robot_state_routine_thread)', 'ThreadWatchdog', 'app-main', 'asyncio_0', 'asyncio_1', 'cam-useeplus-decode', 'camera-_useeplus']
2026-07-07 15:02:53.134 [DEBUG   ] [ThreadWatchdog tid=13556] Watchdog snapshot: 9 alive — ['DebugMonitor', 'MainThread', 'Thread-3 (robot_state_routine_thread)', 'ThreadWatchdog', 'app-main', 'asyncio_0', 'asyncio_1', 'cam-useeplus-decode', 'camera-_useeplus']
2026-07-07 15:02:55.134 [DEBUG   ] [ThreadWatchdog tid=13556] Watchdog snapshot: 9 alive — ['DebugMonitor', 'MainThread', 'Thread-3 (robot_state_routine_thread)', 'ThreadWatchdog', 'app-main', 'asyncio_0', 'asyncio_1', 'cam-useeplus-decode', 'camera-_useeplus']
2026-07-07 15:02:57.137 [DEBUG   ] [ThreadWatchdog tid=13556] Watchdog snapshot: 9 alive — ['DebugMonitor', 'MainThread', 'Thread-3 (robot_state_routine_thread)', 'ThreadWatchdog', 'app-main', 'asyncio_0', 'asyncio_1', 'cam-useeplus-decode', 'camera-_useeplus']
2026-07-07 15:02:59.140 [DEBUG   ] [ThreadWatchdog tid=13556] Watchdog snapshot: 9 alive — ['DebugMonitor', 'MainThread', 'Thread-3 (robot_state_routine_thread)', 'ThreadWatchdog', 'app-main', 'asyncio_0', 'asyncio_1', 'cam-useeplus-decode', 'camera-_useeplus']
2026-07-07 15:03:01.143 [DEBUG   ] [ThreadWatchdog tid=13556] Watchdog snapshot: 9 alive — ['DebugMonitor', 'MainThread', 'Thread-3 (robot_state_routine_thread)', 'ThreadWatchdog', 'app-main', 'asyncio_0', 'asyncio_1', 'cam-useeplus-decode', 'camera-_useeplus']
2026-07-07 15:03:02.646 [INFO    ] [app-main tid=1476] [App] DI0 HIGH — starting sequence
2026-07-07 15:03:03.145 [DEBUG   ] [ThreadWatchdog tid=13556] Watchdog snapshot: 9 alive — ['DebugMonitor', 'MainThread', 'Thread-3 (robot_state_routine_thread)', 'ThreadWatchdog', 'app-main', 'asyncio_0', 'asyncio_1', 'cam-useeplus-decode', 'camera-_useeplus']
2026-07-07 15:03:05.146 [DEBUG   ] [ThreadWatchdog tid=13556] Watchdog: + thread appeared 'camera-barcode-scanner' (daemon=True)
2026-07-07 15:03:05.146 [DEBUG   ] [ThreadWatchdog tid=13556] Watchdog snapshot: 10 alive — ['DebugMonitor', 'MainThread', 'Thread-3 (robot_state_routine_thread)', 'ThreadWatchdog', 'app-main', 'asyncio_0', 'asyncio_1', 'cam-useeplus-decode', 'camera-_useeplus', 'camera-barcode-scanner']
2026-07-07 15:03:07.101 [INFO    ] [app-main tid=1476] [Sequence] Barcode: 2511TL005663ISI
2026-07-07 15:03:07.101 [INFO    ] [app-main tid=1476] [Sequence] Program: 1
2026-07-07 15:03:07.149 [WARNING ] [ThreadWatchdog tid=13556] Watchdog: − thread DISAPPEARED 'camera-barcode-scanner' (if no FINISHED/CRASHED log above, it died silently)
2026-07-07 15:03:07.150 [DEBUG   ] [ThreadWatchdog tid=13556] Watchdog snapshot: 9 alive — ['DebugMonitor', 'MainThread', 'Thread-3 (robot_state_routine_thread)', 'ThreadWatchdog', 'app-main', 'asyncio_0', 'asyncio_1', 'cam-useeplus-decode', 'camera-_useeplus']
2026-07-07 15:03:09.151 [DEBUG   ] [ThreadWatchdog tid=13556] Watchdog snapshot: 9 alive — ['DebugMonitor', 'MainThread', 'Thread-3 (robot_state_routine_thread)', 'ThreadWatchdog', 'app-main', 'asyncio_0', 'asyncio_1', 'cam-useeplus-decode', 'camera-_useeplus']
2026-07-07 15:03:11.156 [DEBUG   ] [ThreadWatchdog tid=13556] Watchdog snapshot: 9 alive — ['DebugMonitor', 'MainThread', 'Thread-3 (robot_state_routine_thread)', 'ThreadWatchdog', 'app-main', 'asyncio_0', 'asyncio_1', 'cam-useeplus-decode', 'camera-_useeplus']
2026-07-07 15:03:13.158 [DEBUG   ] [ThreadWatchdog tid=13556] Watchdog snapshot: 9 alive — ['DebugMonitor', 'MainThread', 'Thread-3 (robot_state_routine_thread)', 'ThreadWatchdog', 'app-main', 'asyncio_0', 'asyncio_1', 'cam-useeplus-decode', 'camera-_useeplus']
2026-07-07 15:03:15.160 [DEBUG   ] [ThreadWatchdog tid=13556] Watchdog snapshot: 9 alive — ['DebugMonitor', 'MainThread', 'Thread-3 (robot_state_routine_thread)', 'ThreadWatchdog', 'app-main', 'asyncio_0', 'asyncio_1', 'cam-useeplus-decode', 'camera-_useeplus']
2026-07-07 15:03:17.161 [DEBUG   ] [ThreadWatchdog tid=13556] Watchdog snapshot: 9 alive — ['DebugMonitor', 'MainThread', 'Thread-3 (robot_state_routine_thread)', 'ThreadWatchdog', 'app-main', 'asyncio_0', 'asyncio_1', 'cam-useeplus-decode', 'camera-_useeplus']
2026-07-07 15:03:19.162 [DEBUG   ] [ThreadWatchdog tid=13556] Watchdog snapshot: 9 alive — ['DebugMonitor', 'MainThread', 'Thread-3 (robot_state_routine_thread)', 'ThreadWatchdog', 'app-main', 'asyncio_0', 'asyncio_1', 'cam-useeplus-decode', 'camera-_useeplus']
2026-07-07 15:03:21.164 [DEBUG   ] [ThreadWatchdog tid=13556] Watchdog snapshot: 9 alive — ['DebugMonitor', 'MainThread', 'Thread-3 (robot_state_routine_thread)', 'ThreadWatchdog', 'app-main', 'asyncio_0', 'asyncio_1', 'cam-useeplus-decode', 'camera-_useeplus']
2026-07-07 15:03:23.169 [DEBUG   ] [ThreadWatchdog tid=13556] Watchdog snapshot: 9 alive — ['DebugMonitor', 'MainThread', 'Thread-3 (robot_state_routine_thread)', 'ThreadWatchdog', 'app-main', 'asyncio_0', 'asyncio_1', 'cam-useeplus-decode', 'camera-_useeplus']
2026-07-07 15:03:25.176 [DEBUG   ] [ThreadWatchdog tid=13556] Watchdog snapshot: 9 alive — ['DebugMonitor', 'MainThread', 'Thread-3 (robot_state_routine_thread)', 'ThreadWatchdog', 'app-main', 'asyncio_0', 'asyncio_1', 'cam-useeplus-decode', 'camera-_useeplus']
2026-07-07 15:03:27.177 [DEBUG   ] [ThreadWatchdog tid=13556] Watchdog snapshot: 9 alive — ['DebugMonitor', 'MainThread', 'Thread-3 (robot_state_routine_thread)', 'ThreadWatchdog', 'app-main', 'asyncio_0', 'asyncio_1', 'cam-useeplus-decode', 'camera-_useeplus']
2026-07-07 15:03:28.305 [INFO    ] [app-main tid=1476] [program_1] Done — model answer — barcode=2511TL005663ISI  result={'image_1': 'Yes'}
2026-07-07 15:03:28.910 [INFO    ] [app-main tid=1476] [program_1] Done — barcode=2511TL005663ISI  result=fail
2026-07-07 15:03:29.178 [DEBUG   ] [ThreadWatchdog tid=13556] Watchdog snapshot: 9 alive — ['DebugMonitor', 'MainThread', 'Thread-3 (robot_state_routine_thread)', 'ThreadWatchdog', 'app-main', 'asyncio_0', 'asyncio_1', 'cam-useeplus-decode', 'camera-_useeplus']
2026-07-07 15:03:31.179 [DEBUG   ] [ThreadWatchdog tid=13556] Watchdog snapshot: 9 alive — ['DebugMonitor', 'MainThread', 'Thread-3 (robot_state_routine_thread)', 'ThreadWatchdog', 'app-main', 'asyncio_0', 'asyncio_1', 'cam-useeplus-decode', 'camera-_useeplus']
2026-07-07 15:03:33.185 [DEBUG   ] [ThreadWatchdog tid=13556] Watchdog snapshot: 9 alive — ['DebugMonitor', 'MainThread', 'Thread-3 (robot_state_routine_thread)', 'ThreadWatchdog', 'app-main', 'asyncio_0', 'asyncio_1', 'cam-useeplus-decode', 'camera-_useeplus']
2026-07-07 15:03:35.187 [DEBUG   ] [ThreadWatchdog tid=13556] Watchdog snapshot: 9 alive — ['DebugMonitor', 'MainThread', 'Thread-3 (robot_state_routine_thread)', 'ThreadWatchdog', 'app-main', 'asyncio_0', 'asyncio_1', 'cam-useeplus-decode', 'camera-_useeplus']
2026-07-07 15:03:37.188 [DEBUG   ] [ThreadWatchdog tid=13556] Watchdog snapshot: 9 alive — ['DebugMonitor', 'MainThread', 'Thread-3 (robot_state_routine_thread)', 'ThreadWatchdog', 'app-main', 'asyncio_0', 'asyncio_1', 'cam-useeplus-decode', 'camera-_useeplus']
2026-07-07 15:03:39.189 [DEBUG   ] [ThreadWatchdog tid=13556] Watchdog snapshot: 9 alive — ['DebugMonitor', 'MainThread', 'Thread-3 (robot_state_routine_thread)', 'ThreadWatchdog', 'app-main', 'asyncio_0', 'asyncio_1', 'cam-useeplus-decode', 'camera-_useeplus']
2026-07-07 15:03:41.190 [DEBUG   ] [ThreadWatchdog tid=13556] Watchdog snapshot: 9 alive — ['DebugMonitor', 'MainThread', 'Thread-3 (robot_state_routine_thread)', 'ThreadWatchdog', 'app-main', 'asyncio_0', 'asyncio_1', 'cam-useeplus-decode', 'camera-_useeplus']
2026-07-07 15:03:43.191 [DEBUG   ] [ThreadWatchdog tid=13556] Watchdog snapshot: 9 alive — ['DebugMonitor', 'MainThread', 'Thread-3 (robot_state_routine_thread)', 'ThreadWatchdog', 'app-main', 'asyncio_0', 'asyncio_1', 'cam-useeplus-decode', 'camera-_useeplus']
2026-07-07 15:03:45.194 [DEBUG   ] [ThreadWatchdog tid=13556] Watchdog snapshot: 9 alive — ['DebugMonitor', 'MainThread', 'Thread-3 (robot_state_routine_thread)', 'ThreadWatchdog', 'app-main', 'asyncio_0', 'asyncio_1', 'cam-useeplus-decode', 'camera-_useeplus']
2026-07-07 15:03:47.195 [DEBUG   ] [ThreadWatchdog tid=13556] Watchdog snapshot: 9 alive — ['DebugMonitor', 'MainThread', 'Thread-3 (robot_state_routine_thread)', 'ThreadWatchdog', 'app-main', 'asyncio_0', 'asyncio_1', 'cam-useeplus-decode', 'camera-_useeplus']
2026-07-07 15:03:49.198 [DEBUG   ] [ThreadWatchdog tid=13556] Watchdog snapshot: 9 alive — ['DebugMonitor', 'MainThread', 'Thread-3 (robot_state_routine_thread)', 'ThreadWatchdog', 'app-main', 'asyncio_0', 'asyncio_1', 'cam-useeplus-decode', 'camera-_useeplus']
2026-07-07 15:03:51.200 [DEBUG   ] [ThreadWatchdog tid=13556] Watchdog snapshot: 9 alive — ['DebugMonitor', 'MainThread', 'Thread-3 (robot_state_routine_thread)', 'ThreadWatchdog', 'app-main', 'asyncio_0', 'asyncio_1', 'cam-useeplus-decode', 'camera-_useeplus']
2026-07-07 15:03:53.211 [DEBUG   ] [ThreadWatchdog tid=13556] Watchdog snapshot: 9 alive — ['DebugMonitor', 'MainThread', 'Thread-3 (robot_state_routine_thread)', 'ThreadWatchdog', 'app-main', 'asyncio_0', 'asyncio_1', 'cam-useeplus-decode', 'camera-_useeplus']
2026-07-07 15:03:55.221 [DEBUG   ] [ThreadWatchdog tid=13556] Watchdog snapshot: 9 alive — ['DebugMonitor', 'MainThread', 'Thread-3 (robot_state_routine_thread)', 'ThreadWatchdog', 'app-main', 'asyncio_0', 'asyncio_1', 'cam-useeplus-decode', 'camera-_useeplus']
2026-07-07 15:03:57.223 [DEBUG   ] [ThreadWatchdog tid=13556] Watchdog snapshot: 9 alive — ['DebugMonitor', 'MainThread', 'Thread-3 (robot_state_routine_thread)', 'ThreadWatchdog', 'app-main', 'asyncio_0', 'asyncio_1', 'cam-useeplus-decode', 'camera-_useeplus']
2026-07-07 15:03:59.226 [DEBUG   ] [ThreadWatchdog tid=13556] Watchdog snapshot: 9 alive — ['DebugMonitor', 'MainThread', 'Thread-3 (robot_state_routine_thread)', 'ThreadWatchdog', 'app-main', 'asyncio_0', 'asyncio_1', 'cam-useeplus-decode', 'camera-_useeplus']
2026-07-07 15:04:01.227 [DEBUG   ] [ThreadWatchdog tid=13556] Watchdog snapshot: 9 alive — ['DebugMonitor', 'MainThread', 'Thread-3 (robot_state_routine_thread)', 'ThreadWatchdog', 'app-main', 'asyncio_0', 'asyncio_1', 'cam-useeplus-decode', 'camera-_useeplus']
2026-07-07 15:04:03.230 [DEBUG   ] [ThreadWatchdog tid=13556] Watchdog snapshot: 9 alive — ['DebugMonitor', 'MainThread', 'Thread-3 (robot_state_routine_thread)', 'ThreadWatchdog', 'app-main', 'asyncio_0', 'asyncio_1', 'cam-useeplus-decode', 'camera-_useeplus']
2026-07-07 15:04:05.233 [DEBUG   ] [ThreadWatchdog tid=13556] Watchdog snapshot: 9 alive — ['DebugMonitor', 'MainThread', 'Thread-3 (robot_state_routine_thread)', 'ThreadWatchdog', 'app-main', 'asyncio_0', 'asyncio_1', 'cam-useeplus-decode', 'camera-_useeplus']
2026-07-07 15:04:07.233 [DEBUG   ] [ThreadWatchdog tid=13556] Watchdog snapshot: 9 alive — ['DebugMonitor', 'MainThread', 'Thread-3 (robot_state_routine_thread)', 'ThreadWatchdog', 'app-main', 'asyncio_0', 'asyncio_1', 'cam-useeplus-decode', 'camera-_useeplus']
2026-07-07 15:04:09.234 [DEBUG   ] [ThreadWatchdog tid=13556] Watchdog snapshot: 9 alive — ['DebugMonitor', 'MainThread', 'Thread-3 (robot_state_routine_thread)', 'ThreadWatchdog', 'app-main', 'asyncio_0', 'asyncio_1', 'cam-useeplus-decode', 'camera-_useeplus']
2026-07-07 15:04:11.236 [DEBUG   ] [ThreadWatchdog tid=13556] Watchdog snapshot: 9 alive — ['DebugMonitor', 'MainThread', 'Thread-3 (robot_state_routine_thread)', 'ThreadWatchdog', 'app-main', 'asyncio_0', 'asyncio_1', 'cam-useeplus-decode', 'camera-_useeplus']
2026-07-07 15:04:13.246 [DEBUG   ] [ThreadWatchdog tid=13556] Watchdog snapshot: 9 alive — ['DebugMonitor', 'MainThread', 'Thread-3 (robot_state_routine_thread)', 'ThreadWatchdog', 'app-main', 'asyncio_0', 'asyncio_1', 'cam-useeplus-decode', 'camera-_useeplus']
2026-07-07 15:04:15.252 [DEBUG   ] [ThreadWatchdog tid=13556] Watchdog snapshot: 9 alive — ['DebugMonitor', 'MainThread', 'Thread-3 (robot_state_routine_thread)', 'ThreadWatchdog', 'app-main', 'asyncio_0', 'asyncio_1', 'cam-useeplus-decode', 'camera-_useeplus']
2026-07-07 15:04:17.256 [DEBUG   ] [ThreadWatchdog tid=13556] Watchdog snapshot: 9 alive — ['DebugMonitor', 'MainThread', 'Thread-3 (robot_state_routine_thread)', 'ThreadWatchdog', 'app-main', 'asyncio_0', 'asyncio_1', 'cam-useeplus-decode', 'camera-_useeplus']
2026-07-07 15:04:19.257 [DEBUG   ] [ThreadWatchdog tid=13556] Watchdog snapshot: 9 alive — ['DebugMonitor', 'MainThread', 'Thread-3 (robot_state_routine_thread)', 'ThreadWatchdog', 'app-main', 'asyncio_0', 'asyncio_1', 'cam-useeplus-decode', 'camera-_useeplus']
2026-07-07 15:04:21.258 [DEBUG   ] [ThreadWatchdog tid=13556] Watchdog snapshot: 9 alive — ['DebugMonitor', 'MainThread', 'Thread-3 (robot_state_routine_thread)', 'ThreadWatchdog', 'app-main', 'asyncio_0', 'asyncio_1', 'cam-useeplus-decode', 'camera-_useeplus']
2026-07-07 15:04:23.265 [DEBUG   ] [ThreadWatchdog tid=13556] Watchdog snapshot: 9 alive — ['DebugMonitor', 'MainThread', 'Thread-3 (robot_state_routine_thread)', 'ThreadWatchdog', 'app-main', 'asyncio_0', 'asyncio_1', 'cam-useeplus-decode', 'camera-_useeplus']
2026-07-07 15:04:25.267 [DEBUG   ] [ThreadWatchdog tid=13556] Watchdog snapshot: 9 alive — ['DebugMonitor', 'MainThread', 'Thread-3 (robot_state_routine_thread)', 'ThreadWatchdog', 'app-main', 'asyncio_0', 'asyncio_1', 'cam-useeplus-decode', 'camera-_useeplus']
2026-07-07 15:04:27.268 [DEBUG   ] [ThreadWatchdog tid=13556] Watchdog snapshot: 9 alive — ['DebugMonitor', 'MainThread', 'Thread-3 (robot_state_routine_thread)', 'ThreadWatchdog', 'app-main', 'asyncio_0', 'asyncio_1', 'cam-useeplus-decode', 'camera-_useeplus']
2026-07-07 15:04:29.269 [DEBUG   ] [ThreadWatchdog tid=13556] Watchdog snapshot: 9 alive — ['DebugMonitor', 'MainThread', 'Thread-3 (robot_state_routine_thread)', 'ThreadWatchdog', 'app-main', 'asyncio_0', 'asyncio_1', 'cam-useeplus-decode', 'camera-_useeplus']
2026-07-07 15:04:31.271 [DEBUG   ] [ThreadWatchdog tid=13556] Watchdog snapshot: 9 alive — ['DebugMonitor', 'MainThread', 'Thread-3 (robot_state_routine_thread)', 'ThreadWatchdog', 'app-main', 'asyncio_0', 'asyncio_1', 'cam-useeplus-decode', 'camera-_useeplus']
2026-07-07 15:04:33.274 [DEBUG   ] [ThreadWatchdog tid=13556] Watchdog snapshot: 9 alive — ['DebugMonitor', 'MainThread', 'Thread-3 (robot_state_routine_thread)', 'ThreadWatchdog', 'app-main', 'asyncio_0', 'asyncio_1', 'cam-useeplus-decode', 'camera-_useeplus']
2026-07-07 15:04:35.276 [DEBUG   ] [ThreadWatchdog tid=13556] Watchdog snapshot: 9 alive — ['DebugMonitor', 'MainThread', 'Thread-3 (robot_state_routine_thread)', 'ThreadWatchdog', 'app-main', 'asyncio_0', 'asyncio_1', 'cam-useeplus-decode', 'camera-_useeplus']
2026-07-07 15:04:37.281 [DEBUG   ] [ThreadWatchdog tid=13556] Watchdog snapshot: 9 alive — ['DebugMonitor', 'MainThread', 'Thread-3 (robot_state_routine_thread)', 'ThreadWatchdog', 'app-main', 'asyncio_0', 'asyncio_1', 'cam-useeplus-decode', 'camera-_useeplus']
2026-07-07 15:04:39.282 [DEBUG   ] [ThreadWatchdog tid=13556] Watchdog snapshot: 9 alive — ['DebugMonitor', 'MainThread', 'Thread-3 (robot_state_routine_thread)', 'ThreadWatchdog', 'app-main', 'asyncio_0', 'asyncio_1', 'cam-useeplus-decode', 'camera-_useeplus']
2026-07-07 15:04:41.293 [DEBUG   ] [ThreadWatchdog tid=13556] Watchdog snapshot: 9 alive — ['DebugMonitor', 'MainThread', 'Thread-3 (robot_state_routine_thread)', 'ThreadWatchdog', 'app-main', 'asyncio_0', 'asyncio_1', 'cam-useeplus-decode', 'camera-_useeplus']
2026-07-07 15:04:43.297 [DEBUG   ] [ThreadWatchdog tid=13556] Watchdog snapshot: 9 alive — ['DebugMonitor', 'MainThread', 'Thread-3 (robot_state_routine_thread)', 'ThreadWatchdog', 'app-main', 'asyncio_0', 'asyncio_1', 'cam-useeplus-decode', 'camera-_useeplus']
2026-07-07 15:04:45.304 [DEBUG   ] [ThreadWatchdog tid=13556] Watchdog snapshot: 9 alive — ['DebugMonitor', 'MainThread', 'Thread-3 (robot_state_routine_thread)', 'ThreadWatchdog', 'app-main', 'asyncio_0', 'asyncio_1', 'cam-useeplus-decode', 'camera-_useeplus']
2026-07-07 15:04:47.314 [DEBUG   ] [ThreadWatchdog tid=13556] Watchdog snapshot: 9 alive — ['DebugMonitor', 'MainThread', 'Thread-3 (robot_state_routine_thread)', 'ThreadWatchdog', 'app-main', 'asyncio_0', 'asyncio_1', 'cam-useeplus-decode', 'camera-_useeplus']
2026-07-07 15:04:49.318 [DEBUG   ] [ThreadWatchdog tid=13556] Watchdog snapshot: 9 alive — ['DebugMonitor', 'MainThread', 'Thread-3 (robot_state_routine_thread)', 'ThreadWatchdog', 'app-main', 'asyncio_0', 'asyncio_1', 'cam-useeplus-decode', 'camera-_useeplus']
2026-07-07 15:04:51.327 [DEBUG   ] [ThreadWatchdog tid=13556] Watchdog snapshot: 9 alive — ['DebugMonitor', 'MainThread', 'Thread-3 (robot_state_routine_thread)', 'ThreadWatchdog', 'app-main', 'asyncio_0', 'asyncio_1', 'cam-useeplus-decode', 'camera-_useeplus']
2026-07-07 15:04:53.328 [DEBUG   ] [ThreadWatchdog tid=13556] Watchdog snapshot: 9 alive — ['DebugMonitor', 'MainThread', 'Thread-3 (robot_state_routine_thread)', 'ThreadWatchdog', 'app-main', 'asyncio_0', 'asyncio_1', 'cam-useeplus-decode', 'camera-_useeplus']
2026-07-07 15:04:55.330 [DEBUG   ] [ThreadWatchdog tid=13556] Watchdog snapshot: 9 alive — ['DebugMonitor', 'MainThread', 'Thread-3 (robot_state_routine_thread)', 'ThreadWatchdog', 'app-main', 'asyncio_0', 'asyncio_1', 'cam-useeplus-decode', 'camera-_useeplus']
2026-07-07 15:04:57.331 [DEBUG   ] [ThreadWatchdog tid=13556] Watchdog snapshot: 9 alive — ['DebugMonitor', 'MainThread', 'Thread-3 (robot_state_routine_thread)', 'ThreadWatchdog', 'app-main', 'asyncio_0', 'asyncio_1', 'cam-useeplus-decode', 'camera-_useeplus']
2026-07-07 15:04:59.342 [DEBUG   ] [ThreadWatchdog tid=13556] Watchdog snapshot: 9 alive — ['DebugMonitor', 'MainThread', 'Thread-3 (robot_state_routine_thread)', 'ThreadWatchdog', 'app-main', 'asyncio_0', 'asyncio_1', 'cam-useeplus-decode', 'camera-_useeplus']
2026-07-07 15:05:01.353 [DEBUG   ] [ThreadWatchdog tid=13556] Watchdog snapshot: 9 alive — ['DebugMonitor', 'MainThread', 'Thread-3 (robot_state_routine_thread)', 'ThreadWatchdog', 'app-main', 'asyncio_0', 'asyncio_1', 'cam-useeplus-decode', 'camera-_useeplus']
2026-07-07 15:05:03.354 [DEBUG   ] [ThreadWatchdog tid=13556] Watchdog snapshot: 9 alive — ['DebugMonitor', 'MainThread', 'Thread-3 (robot_state_routine_thread)', 'ThreadWatchdog', 'app-main', 'asyncio_0', 'asyncio_1', 'cam-useeplus-decode', 'camera-_useeplus']
2026-07-07 15:05:05.364 [DEBUG   ] [ThreadWatchdog tid=13556] Watchdog snapshot: 9 alive — ['DebugMonitor', 'MainThread', 'Thread-3 (robot_state_routine_thread)', 'ThreadWatchdog', 'app-main', 'asyncio_0', 'asyncio_1', 'cam-useeplus-decode', 'camera-_useeplus']
2026-07-07 15:05:07.368 [DEBUG   ] [ThreadWatchdog tid=13556] Watchdog snapshot: 9 alive — ['DebugMonitor', 'MainThread', 'Thread-3 (robot_state_routine_thread)', 'ThreadWatchdog', 'app-main', 'asyncio_0', 'asyncio_1', 'cam-useeplus-decode', 'camera-_useeplus']
2026-07-07 15:05:09.397 [DEBUG   ] [ThreadWatchdog tid=13556] Watchdog snapshot: 9 alive — ['DebugMonitor', 'MainThread', 'Thread-3 (robot_state_routine_thread)', 'ThreadWatchdog', 'app-main', 'asyncio_0', 'asyncio_1', 'cam-useeplus-decode', 'camera-_useeplus']
2026-07-07 15:05:11.403 [DEBUG   ] [ThreadWatchdog tid=13556] Watchdog snapshot: 9 alive — ['DebugMonitor', 'MainThread', 'Thread-3 (robot_state_routine_thread)', 'ThreadWatchdog', 'app-main', 'asyncio_0', 'asyncio_1', 'cam-useeplus-decode', 'camera-_useeplus']
2026-07-07 15:05:13.406 [DEBUG   ] [ThreadWatchdog tid=13556] Watchdog snapshot: 9 alive — ['DebugMonitor', 'MainThread', 'Thread-3 (robot_state_routine_thread)', 'ThreadWatchdog', 'app-main', 'asyncio_0', 'asyncio_1', 'cam-useeplus-decode', 'camera-_useeplus']
2026-07-07 15:05:15.407 [DEBUG   ] [ThreadWatchdog tid=13556] Watchdog snapshot: 9 alive — ['DebugMonitor', 'MainThread', 'Thread-3 (robot_state_routine_thread)', 'ThreadWatchdog', 'app-main', 'asyncio_0', 'asyncio_1', 'cam-useeplus-decode', 'camera-_useeplus']
2026-07-07 15:05:17.412 [DEBUG   ] [ThreadWatchdog tid=13556] Watchdog snapshot: 9 alive — ['DebugMonitor', 'MainThread', 'Thread-3 (robot_state_routine_thread)', 'ThreadWatchdog', 'app-main', 'asyncio_0', 'asyncio_1', 'cam-useeplus-decode', 'camera-_useeplus']
2026-07-07 15:05:19.415 [DEBUG   ] [ThreadWatchdog tid=13556] Watchdog snapshot: 9 alive — ['DebugMonitor', 'MainThread', 'Thread-3 (robot_state_routine_thread)', 'ThreadWatchdog', 'app-main', 'asyncio_0', 'asyncio_1', 'cam-useeplus-decode', 'camera-_useeplus']
2026-07-07 15:05:21.416 [DEBUG   ] [ThreadWatchdog tid=13556] Watchdog snapshot: 9 alive — ['DebugMonitor', 'MainThread', 'Thread-3 (robot_state_routine_thread)', 'ThreadWatchdog', 'app-main', 'asyncio_0', 'asyncio_1', 'cam-useeplus-decode', 'camera-_useeplus']
2026-07-07 15:05:23.417 [DEBUG   ] [ThreadWatchdog tid=13556] Watchdog snapshot: 9 alive — ['DebugMonitor', 'MainThread', 'Thread-3 (robot_state_routine_thread)', 'ThreadWatchdog', 'app-main', 'asyncio_0', 'asyncio_1', 'cam-useeplus-decode', 'camera-_useeplus']
2026-07-07 15:05:25.418 [DEBUG   ] [ThreadWatchdog tid=13556] Watchdog snapshot: 9 alive — ['DebugMonitor', 'MainThread', 'Thread-3 (robot_state_routine_thread)', 'ThreadWatchdog', 'app-main', 'asyncio_0', 'asyncio_1', 'cam-useeplus-decode', 'camera-_useeplus']
2026-07-07 15:05:27.420 [DEBUG   ] [ThreadWatchdog tid=13556] Watchdog snapshot: 9 alive — ['DebugMonitor', 'MainThread', 'Thread-3 (robot_state_routine_thread)', 'ThreadWatchdog', 'app-main', 'asyncio_0', 'asyncio_1', 'cam-useeplus-decode', 'camera-_useeplus']
2026-07-07 15:05:29.421 [DEBUG   ] [ThreadWatchdog tid=13556] Watchdog snapshot: 9 alive — ['DebugMonitor', 'MainThread', 'Thread-3 (robot_state_routine_thread)', 'ThreadWatchdog', 'app-main', 'asyncio_0', 'asyncio_1', 'cam-useeplus-decode', 'camera-_useeplus']
2026-07-07 15:05:31.430 [DEBUG   ] [ThreadWatchdog tid=13556] Watchdog snapshot: 9 alive — ['DebugMonitor', 'MainThread', 'Thread-3 (robot_state_routine_thread)', 'ThreadWatchdog', 'app-main', 'asyncio_0', 'asyncio_1', 'cam-useeplus-decode', 'camera-_useeplus']
2026-07-07 15:05:33.433 [DEBUG   ] [ThreadWatchdog tid=13556] Watchdog snapshot: 9 alive — ['DebugMonitor', 'MainThread', 'Thread-3 (robot_state_routine_thread)', 'ThreadWatchdog', 'app-main', 'asyncio_0', 'asyncio_1', 'cam-useeplus-decode', 'camera-_useeplus']
2026-07-07 15:05:35.434 [DEBUG   ] [ThreadWatchdog tid=13556] Watchdog snapshot: 9 alive — ['DebugMonitor', 'MainThread', 'Thread-3 (robot_state_routine_thread)', 'ThreadWatchdog', 'app-main', 'asyncio_0', 'asyncio_1', 'cam-useeplus-decode', 'camera-_useeplus']
2026-07-07 15:05:37.437 [DEBUG   ] [ThreadWatchdog tid=13556] Watchdog snapshot: 9 alive — ['DebugMonitor', 'MainThread', 'Thread-3 (robot_state_routine_thread)', 'ThreadWatchdog', 'app-main', 'asyncio_0', 'asyncio_1', 'cam-useeplus-decode', 'camera-_useeplus']
2026-07-07 15:05:39.438 [DEBUG   ] [ThreadWatchdog tid=13556] Watchdog snapshot: 9 alive — ['DebugMonitor', 'MainThread', 'Thread-3 (robot_state_routine_thread)', 'ThreadWatchdog', 'app-main', 'asyncio_0', 'asyncio_1', 'cam-useeplus-decode', 'camera-_useeplus']
2026-07-07 15:05:41.439 [DEBUG   ] [ThreadWatchdog tid=13556] Watchdog snapshot: 9 alive — ['DebugMonitor', 'MainThread', 'Thread-3 (robot_state_routine_thread)', 'ThreadWatchdog', 'app-main', 'asyncio_0', 'asyncio_1', 'cam-useeplus-decode', 'camera-_useeplus']
2026-07-07 15:05:43.445 [DEBUG   ] [ThreadWatchdog tid=13556] Watchdog snapshot: 9 alive — ['DebugMonitor', 'MainThread', 'Thread-3 (robot_state_routine_thread)', 'ThreadWatchdog', 'app-main', 'asyncio_0', 'asyncio_1', 'cam-useeplus-decode', 'camera-_useeplus']
2026-07-07 15:05:45.448 [DEBUG   ] [ThreadWatchdog tid=13556] Watchdog snapshot: 9 alive — ['DebugMonitor', 'MainThread', 'Thread-3 (robot_state_routine_thread)', 'ThreadWatchdog', 'app-main', 'asyncio_0', 'asyncio_1', 'cam-useeplus-decode', 'camera-_useeplus']
2026-07-07 15:05:47.450 [DEBUG   ] [ThreadWatchdog tid=13556] Watchdog snapshot: 9 alive — ['DebugMonitor', 'MainThread', 'Thread-3 (robot_state_routine_thread)', 'ThreadWatchdog', 'app-main', 'asyncio_0', 'asyncio_1', 'cam-useeplus-decode', 'camera-_useeplus']
2026-07-07 15:05:49.451 [DEBUG   ] [ThreadWatchdog tid=13556] Watchdog snapshot: 9 alive — ['DebugMonitor', 'MainThread', 'Thread-3 (robot_state_routine_thread)', 'ThreadWatchdog', 'app-main', 'asyncio_0', 'asyncio_1', 'cam-useeplus-decode', 'camera-_useeplus']
2026-07-07 15:05:51.452 [DEBUG   ] [ThreadWatchdog tid=13556] Watchdog snapshot: 9 alive — ['DebugMonitor', 'MainThread', 'Thread-3 (robot_state_routine_thread)', 'ThreadWatchdog', 'app-main', 'asyncio_0', 'asyncio_1', 'cam-useeplus-decode', 'camera-_useeplus']
2026-07-07 15:05:53.454 [DEBUG   ] [ThreadWatchdog tid=13556] Watchdog snapshot: 9 alive — ['DebugMonitor', 'MainThread', 'Thread-3 (robot_state_routine_thread)', 'ThreadWatchdog', 'app-main', 'asyncio_0', 'asyncio_1', 'cam-useeplus-decode', 'camera-_useeplus']
2026-07-07 15:05:55.454 [DEBUG   ] [ThreadWatchdog tid=13556] Watchdog snapshot: 9 alive — ['DebugMonitor', 'MainThread', 'Thread-3 (robot_state_routine_thread)', 'ThreadWatchdog', 'app-main', 'asyncio_0', 'asyncio_1', 'cam-useeplus-decode', 'camera-_useeplus']
2026-07-07 15:05:57.460 [DEBUG   ] [ThreadWatchdog tid=13556] Watchdog snapshot: 9 alive — ['DebugMonitor', 'MainThread', 'Thread-3 (robot_state_routine_thread)', 'ThreadWatchdog', 'app-main', 'asyncio_0', 'asyncio_1', 'cam-useeplus-decode', 'camera-_useeplus']
2026-07-07 15:05:59.464 [DEBUG   ] [ThreadWatchdog tid=13556] Watchdog snapshot: 9 alive — ['DebugMonitor', 'MainThread', 'Thread-3 (robot_state_routine_thread)', 'ThreadWatchdog', 'app-main', 'asyncio_0', 'asyncio_1', 'cam-useeplus-decode', 'camera-_useeplus']
2026-07-07 15:06:01.467 [DEBUG   ] [ThreadWatchdog tid=13556] Watchdog snapshot: 9 alive — ['DebugMonitor', 'MainThread', 'Thread-3 (robot_state_routine_thread)', 'ThreadWatchdog', 'app-main', 'asyncio_0', 'asyncio_1', 'cam-useeplus-decode', 'camera-_useeplus']
2026-07-07 15:06:03.468 [DEBUG   ] [ThreadWatchdog tid=13556] Watchdog snapshot: 9 alive — ['DebugMonitor', 'MainThread', 'Thread-3 (robot_state_routine_thread)', 'ThreadWatchdog', 'app-main', 'asyncio_0', 'asyncio_1', 'cam-useeplus-decode', 'camera-_useeplus']
2026-07-07 15:06:05.470 [DEBUG   ] [ThreadWatchdog tid=13556] Watchdog snapshot: 9 alive — ['DebugMonitor', 'MainThread', 'Thread-3 (robot_state_routine_thread)', 'ThreadWatchdog', 'app-main', 'asyncio_0', 'asyncio_1', 'cam-useeplus-decode', 'camera-_useeplus']
2026-07-07 15:06:07.471 [DEBUG   ] [ThreadWatchdog tid=13556] Watchdog snapshot: 9 alive — ['DebugMonitor', 'MainThread', 'Thread-3 (robot_state_routine_thread)', 'ThreadWatchdog', 'app-main', 'asyncio_0', 'asyncio_1', 'cam-useeplus-decode', 'camera-_useeplus']
2026-07-07 15:06:09.476 [DEBUG   ] [ThreadWatchdog tid=13556] Watchdog snapshot: 9 alive — ['DebugMonitor', 'MainThread', 'Thread-3 (robot_state_routine_thread)', 'ThreadWatchdog', 'app-main', 'asyncio_0', 'asyncio_1', 'cam-useeplus-decode', 'camera-_useeplus']
2026-07-07 15:06:11.479 [DEBUG   ] [ThreadWatchdog tid=13556] Watchdog snapshot: 9 alive — ['DebugMonitor', 'MainThread', 'Thread-3 (robot_state_routine_thread)', 'ThreadWatchdog', 'app-main', 'asyncio_0', 'asyncio_1', 'cam-useeplus-decode', 'camera-_useeplus']
2026-07-07 15:06:13.480 [DEBUG   ] [ThreadWatchdog tid=13556] Watchdog snapshot: 9 alive — ['DebugMonitor', 'MainThread', 'Thread-3 (robot_state_routine_thread)', 'ThreadWatchdog', 'app-main', 'asyncio_0', 'asyncio_1', 'cam-useeplus-decode', 'camera-_useeplus']
2026-07-07 15:06:15.481 [DEBUG   ] [ThreadWatchdog tid=13556] Watchdog snapshot: 9 alive — ['DebugMonitor', 'MainThread', 'Thread-3 (robot_state_routine_thread)', 'ThreadWatchdog', 'app-main', 'asyncio_0', 'asyncio_1', 'cam-useeplus-decode', 'camera-_useeplus']
2026-07-07 15:06:17.482 [DEBUG   ] [ThreadWatchdog tid=13556] Watchdog snapshot: 9 alive — ['DebugMonitor', 'MainThread', 'Thread-3 (robot_state_routine_thread)', 'ThreadWatchdog', 'app-main', 'asyncio_0', 'asyncio_1', 'cam-useeplus-decode', 'camera-_useeplus']
2026-07-07 15:06:19.484 [DEBUG   ] [ThreadWatchdog tid=13556] Watchdog snapshot: 9 alive — ['DebugMonitor', 'MainThread', 'Thread-3 (robot_state_routine_thread)', 'ThreadWatchdog', 'app-main', 'asyncio_0', 'asyncio_1', 'cam-useeplus-decode', 'camera-_useeplus']
2026-07-07 15:06:21.485 [DEBUG   ] [ThreadWatchdog tid=13556] Watchdog snapshot: 9 alive — ['DebugMonitor', 'MainThread', 'Thread-3 (robot_state_routine_thread)', 'ThreadWatchdog', 'app-main', 'asyncio_0', 'asyncio_1', 'cam-useeplus-decode', 'camera-_useeplus']
2026-07-07 15:06:23.492 [DEBUG   ] [ThreadWatchdog tid=13556] Watchdog snapshot: 9 alive — ['DebugMonitor', 'MainThread', 'Thread-3 (robot_state_routine_thread)', 'ThreadWatchdog', 'app-main', 'asyncio_0', 'asyncio_1', 'cam-useeplus-decode', 'camera-_useeplus']
2026-07-07 15:06:25.494 [DEBUG   ] [ThreadWatchdog tid=13556] Watchdog snapshot: 9 alive — ['DebugMonitor', 'MainThread', 'Thread-3 (robot_state_routine_thread)', 'ThreadWatchdog', 'app-main', 'asyncio_0', 'asyncio_1', 'cam-useeplus-decode', 'camera-_useeplus']
2026-07-07 15:06:27.526 [DEBUG   ] [ThreadWatchdog tid=13556] Watchdog snapshot: 9 alive — ['DebugMonitor', 'MainThread', 'Thread-3 (robot_state_routine_thread)', 'ThreadWatchdog', 'app-main', 'asyncio_0', 'asyncio_1', 'cam-useeplus-decode', 'camera-_useeplus']
2026-07-07 15:06:29.528 [DEBUG   ] [ThreadWatchdog tid=13556] Watchdog snapshot: 9 alive — ['DebugMonitor', 'MainThread', 'Thread-3 (robot_state_routine_thread)', 'ThreadWatchdog', 'app-main', 'asyncio_0', 'asyncio_1', 'cam-useeplus-decode', 'camera-_useeplus']
2026-07-07 15:06:31.531 [DEBUG   ] [ThreadWatchdog tid=13556] Watchdog: + thread appeared 'asyncio_2' (daemon=False)
2026-07-07 15:06:31.533 [DEBUG   ] [ThreadWatchdog tid=13556] Watchdog snapshot: 10 alive — ['DebugMonitor', 'MainThread', 'Thread-3 (robot_state_routine_thread)', 'ThreadWatchdog', 'app-main', 'asyncio_0', 'asyncio_1', 'asyncio_2', 'cam-useeplus-decode', 'camera-_useeplus']
2026-07-07 15:06:33.536 [DEBUG   ] [ThreadWatchdog tid=13556] Watchdog snapshot: 10 alive — ['DebugMonitor', 'MainThread', 'Thread-3 (robot_state_routine_thread)', 'ThreadWatchdog', 'app-main', 'asyncio_0', 'asyncio_1', 'asyncio_2', 'cam-useeplus-decode', 'camera-_useeplus']
2026-07-07 15:06:35.540 [DEBUG   ] [ThreadWatchdog tid=13556] Watchdog snapshot: 10 alive — ['DebugMonitor', 'MainThread', 'Thread-3 (robot_state_routine_thread)', 'ThreadWatchdog', 'app-main', 'asyncio_0', 'asyncio_1', 'asyncio_2', 'cam-useeplus-decode', 'camera-_useeplus']
2026-07-07 15:06:37.545 [DEBUG   ] [ThreadWatchdog tid=13556] Watchdog snapshot: 10 alive — ['DebugMonitor', 'MainThread', 'Thread-3 (robot_state_routine_thread)', 'ThreadWatchdog', 'app-main', 'asyncio_0', 'asyncio_1', 'asyncio_2', 'cam-useeplus-decode', 'camera-_useeplus']
2026-07-07 15:06:39.548 [DEBUG   ] [ThreadWatchdog tid=13556] Watchdog snapshot: 10 alive — ['DebugMonitor', 'MainThread', 'Thread-3 (robot_state_routine_thread)', 'ThreadWatchdog', 'app-main', 'asyncio_0', 'asyncio_1', 'asyncio_2', 'cam-useeplus-decode', 'camera-_useeplus']
2026-07-07 15:06:41.549 [DEBUG   ] [ThreadWatchdog tid=13556] Watchdog snapshot: 10 alive — ['DebugMonitor', 'MainThread', 'Thread-3 (robot_state_routine_thread)', 'ThreadWatchdog', 'app-main', 'asyncio_0', 'asyncio_1', 'asyncio_2', 'cam-useeplus-decode', 'camera-_useeplus']
2026-07-07 15:06:43.551 [DEBUG   ] [ThreadWatchdog tid=13556] Watchdog snapshot: 10 alive — ['DebugMonitor', 'MainThread', 'Thread-3 (robot_state_routine_thread)', 'ThreadWatchdog', 'app-main', 'asyncio_0', 'asyncio_1', 'asyncio_2', 'cam-useeplus-decode', 'camera-_useeplus']
2026-07-07 15:06:45.556 [DEBUG   ] [ThreadWatchdog tid=13556] Watchdog snapshot: 10 alive — ['DebugMonitor', 'MainThread', 'Thread-3 (robot_state_routine_thread)', 'ThreadWatchdog', 'app-main', 'asyncio_0', 'asyncio_1', 'asyncio_2', 'cam-useeplus-decode', 'camera-_useeplus']
2026-07-07 15:06:47.558 [DEBUG   ] [ThreadWatchdog tid=13556] Watchdog snapshot: 10 alive — ['DebugMonitor', 'MainThread', 'Thread-3 (robot_state_routine_thread)', 'ThreadWatchdog', 'app-main', 'asyncio_0', 'asyncio_1', 'asyncio_2', 'cam-useeplus-decode', 'camera-_useeplus']
2026-07-07 15:06:49.559 [DEBUG   ] [ThreadWatchdog tid=13556] Watchdog snapshot: 10 alive — ['DebugMonitor', 'MainThread', 'Thread-3 (robot_state_routine_thread)', 'ThreadWatchdog', 'app-main', 'asyncio_0', 'asyncio_1', 'asyncio_2', 'cam-useeplus-decode', 'camera-_useeplus']
2026-07-07 15:06:51.561 [DEBUG   ] [ThreadWatchdog tid=13556] Watchdog snapshot: 10 alive — ['DebugMonitor', 'MainThread', 'Thread-3 (robot_state_routine_thread)', 'ThreadWatchdog', 'app-main', 'asyncio_0', 'asyncio_1', 'asyncio_2', 'cam-useeplus-decode', 'camera-_useeplus']
2026-07-07 15:06:53.562 [DEBUG   ] [ThreadWatchdog tid=13556] Watchdog snapshot: 10 alive — ['DebugMonitor', 'MainThread', 'Thread-3 (robot_state_routine_thread)', 'ThreadWatchdog', 'app-main', 'asyncio_0', 'asyncio_1', 'asyncio_2', 'cam-useeplus-decode', 'camera-_useeplus']
2026-07-07 15:06:55.563 [DEBUG   ] [ThreadWatchdog tid=13556] Watchdog snapshot: 10 alive — ['DebugMonitor', 'MainThread', 'Thread-3 (robot_state_routine_thread)', 'ThreadWatchdog', 'app-main', 'asyncio_0', 'asyncio_1', 'asyncio_2', 'cam-useeplus-decode', 'camera-_useeplus']
2026-07-07 15:06:57.564 [DEBUG   ] [ThreadWatchdog tid=13556] Watchdog snapshot: 10 alive — ['DebugMonitor', 'MainThread', 'Thread-3 (robot_state_routine_thread)', 'ThreadWatchdog', 'app-main', 'asyncio_0', 'asyncio_1', 'asyncio_2', 'cam-useeplus-decode', 'camera-_useeplus']
2026-07-07 15:06:59.566 [DEBUG   ] [ThreadWatchdog tid=13556] Watchdog snapshot: 10 alive — ['DebugMonitor', 'MainThread', 'Thread-3 (robot_state_routine_thread)', 'ThreadWatchdog', 'app-main', 'asyncio_0', 'asyncio_1', 'asyncio_2', 'cam-useeplus-decode', 'camera-_useeplus']
2026-07-07 15:07:01.567 [DEBUG   ] [ThreadWatchdog tid=13556] Watchdog snapshot: 10 alive — ['DebugMonitor', 'MainThread', 'Thread-3 (robot_state_routine_thread)', 'ThreadWatchdog', 'app-main', 'asyncio_0', 'asyncio_1', 'asyncio_2', 'cam-useeplus-decode', 'camera-_useeplus']
2026-07-07 15:07:03.572 [DEBUG   ] [ThreadWatchdog tid=13556] Watchdog snapshot: 10 alive — ['DebugMonitor', 'MainThread', 'Thread-3 (robot_state_routine_thread)', 'ThreadWatchdog', 'app-main', 'asyncio_0', 'asyncio_1', 'asyncio_2', 'cam-useeplus-decode', 'camera-_useeplus']
2026-07-07 15:07:05.573 [DEBUG   ] [ThreadWatchdog tid=13556] Watchdog snapshot: 10 alive — ['DebugMonitor', 'MainThread', 'Thread-3 (robot_state_routine_thread)', 'ThreadWatchdog', 'app-main', 'asyncio_0', 'asyncio_1', 'asyncio_2', 'cam-useeplus-decode', 'camera-_useeplus']
2026-07-07 15:07:07.575 [DEBUG   ] [ThreadWatchdog tid=13556] Watchdog snapshot: 10 alive — ['DebugMonitor', 'MainThread', 'Thread-3 (robot_state_routine_thread)', 'ThreadWatchdog', 'app-main', 'asyncio_0', 'asyncio_1', 'asyncio_2', 'cam-useeplus-decode', 'camera-_useeplus']
2026-07-07 15:07:09.576 [DEBUG   ] [ThreadWatchdog tid=13556] Watchdog snapshot: 10 alive — ['DebugMonitor', 'MainThread', 'Thread-3 (robot_state_routine_thread)', 'ThreadWatchdog', 'app-main', 'asyncio_0', 'asyncio_1', 'asyncio_2', 'cam-useeplus-decode', 'camera-_useeplus']
2026-07-07 15:07:11.577 [DEBUG   ] [ThreadWatchdog tid=13556] Watchdog snapshot: 10 alive — ['DebugMonitor', 'MainThread', 'Thread-3 (robot_state_routine_thread)', 'ThreadWatchdog', 'app-main', 'asyncio_0', 'asyncio_1', 'asyncio_2', 'cam-useeplus-decode', 'camera-_useeplus']
2026-07-07 15:07:13.579 [DEBUG   ] [ThreadWatchdog tid=13556] Watchdog snapshot: 10 alive — ['DebugMonitor', 'MainThread', 'Thread-3 (robot_state_routine_thread)', 'ThreadWatchdog', 'app-main', 'asyncio_0', 'asyncio_1', 'asyncio_2', 'cam-useeplus-decode', 'camera-_useeplus']
2026-07-07 15:07:15.580 [DEBUG   ] [ThreadWatchdog tid=13556] Watchdog snapshot: 10 alive — ['DebugMonitor', 'MainThread', 'Thread-3 (robot_state_routine_thread)', 'ThreadWatchdog', 'app-main', 'asyncio_0', 'asyncio_1', 'asyncio_2', 'cam-useeplus-decode', 'camera-_useeplus']
2026-07-07 15:07:17.581 [DEBUG   ] [ThreadWatchdog tid=13556] Watchdog snapshot: 10 alive — ['DebugMonitor', 'MainThread', 'Thread-3 (robot_state_routine_thread)', 'ThreadWatchdog', 'app-main', 'asyncio_0', 'asyncio_1', 'asyncio_2', 'cam-useeplus-decode', 'camera-_useeplus']
2026-07-07 15:07:19.588 [DEBUG   ] [ThreadWatchdog tid=13556] Watchdog snapshot: 10 alive — ['DebugMonitor', 'MainThread', 'Thread-3 (robot_state_routine_thread)', 'ThreadWatchdog', 'app-main', 'asyncio_0', 'asyncio_1', 'asyncio_2', 'cam-useeplus-decode', 'camera-_useeplus']
2026-07-07 15:07:21.589 [DEBUG   ] [ThreadWatchdog tid=13556] Watchdog snapshot: 10 alive — ['DebugMonitor', 'MainThread', 'Thread-3 (robot_state_routine_thread)', 'ThreadWatchdog', 'app-main', 'asyncio_0', 'asyncio_1', 'asyncio_2', 'cam-useeplus-decode', 'camera-_useeplus']
2026-07-07 15:07:23.592 [DEBUG   ] [ThreadWatchdog tid=13556] Watchdog snapshot: 10 alive — ['DebugMonitor', 'MainThread', 'Thread-3 (robot_state_routine_thread)', 'ThreadWatchdog', 'app-main', 'asyncio_0', 'asyncio_1', 'asyncio_2', 'cam-useeplus-decode', 'camera-_useeplus']
2026-07-07 15:07:25.602 [DEBUG   ] [ThreadWatchdog tid=13556] Watchdog snapshot: 10 alive — ['DebugMonitor', 'MainThread', 'Thread-3 (robot_state_routine_thread)', 'ThreadWatchdog', 'app-main', 'asyncio_0', 'asyncio_1', 'asyncio_2', 'cam-useeplus-decode', 'camera-_useeplus']
2026-07-07 15:07:27.604 [DEBUG   ] [ThreadWatchdog tid=13556] Watchdog snapshot: 10 alive — ['DebugMonitor', 'MainThread', 'Thread-3 (robot_state_routine_thread)', 'ThreadWatchdog', 'app-main', 'asyncio_0', 'asyncio_1', 'asyncio_2', 'cam-useeplus-decode', 'camera-_useeplus']
2026-07-07 15:07:29.616 [DEBUG   ] [ThreadWatchdog tid=13556] Watchdog snapshot: 10 alive — ['DebugMonitor', 'MainThread', 'Thread-3 (robot_state_routine_thread)', 'ThreadWatchdog', 'app-main', 'asyncio_0', 'asyncio_1', 'asyncio_2', 'cam-useeplus-decode', 'camera-_useeplus']
2026-07-07 15:07:31.620 [DEBUG   ] [ThreadWatchdog tid=13556] Watchdog snapshot: 10 alive — ['DebugMonitor', 'MainThread', 'Thread-3 (robot_state_routine_thread)', 'ThreadWatchdog', 'app-main', 'asyncio_0', 'asyncio_1', 'asyncio_2', 'cam-useeplus-decode', 'camera-_useeplus']
2026-07-07 15:07:33.622 [DEBUG   ] [ThreadWatchdog tid=13556] Watchdog snapshot: 10 alive — ['DebugMonitor', 'MainThread', 'Thread-3 (robot_state_routine_thread)', 'ThreadWatchdog', 'app-main', 'asyncio_0', 'asyncio_1', 'asyncio_2', 'cam-useeplus-decode', 'camera-_useeplus']
2026-07-07 15:07:35.624 [DEBUG   ] [ThreadWatchdog tid=13556] Watchdog snapshot: 10 alive — ['DebugMonitor', 'MainThread', 'Thread-3 (robot_state_routine_thread)', 'ThreadWatchdog', 'app-main', 'asyncio_0', 'asyncio_1', 'asyncio_2', 'cam-useeplus-decode', 'camera-_useeplus']
2026-07-07 15:07:37.625 [DEBUG   ] [ThreadWatchdog tid=13556] Watchdog snapshot: 10 alive — ['DebugMonitor', 'MainThread', 'Thread-3 (robot_state_routine_thread)', 'ThreadWatchdog', 'app-main', 'asyncio_0', 'asyncio_1', 'asyncio_2', 'cam-useeplus-decode', 'camera-_useeplus']
2026-07-07 15:07:39.627 [DEBUG   ] [ThreadWatchdog tid=13556] Watchdog snapshot: 10 alive — ['DebugMonitor', 'MainThread', 'Thread-3 (robot_state_routine_thread)', 'ThreadWatchdog', 'app-main', 'asyncio_0', 'asyncio_1', 'asyncio_2', 'cam-useeplus-decode', 'camera-_useeplus']
2026-07-07 15:07:41.628 [DEBUG   ] [ThreadWatchdog tid=13556] Watchdog snapshot: 10 alive — ['DebugMonitor', 'MainThread', 'Thread-3 (robot_state_routine_thread)', 'ThreadWatchdog', 'app-main', 'asyncio_0', 'asyncio_1', 'asyncio_2', 'cam-useeplus-decode', 'camera-_useeplus']
2026-07-07 15:07:43.630 [DEBUG   ] [ThreadWatchdog tid=13556] Watchdog snapshot: 10 alive — ['DebugMonitor', 'MainThread', 'Thread-3 (robot_state_routine_thread)', 'ThreadWatchdog', 'app-main', 'asyncio_0', 'asyncio_1', 'asyncio_2', 'cam-useeplus-decode', 'camera-_useeplus']
2026-07-07 15:07:45.636 [DEBUG   ] [ThreadWatchdog tid=13556] Watchdog snapshot: 10 alive — ['DebugMonitor', 'MainThread', 'Thread-3 (robot_state_routine_thread)', 'ThreadWatchdog', 'app-main', 'asyncio_0', 'asyncio_1', 'asyncio_2', 'cam-useeplus-decode', 'camera-_useeplus']
2026-07-07 15:07:47.638 [DEBUG   ] [ThreadWatchdog tid=13556] Watchdog snapshot: 10 alive — ['DebugMonitor', 'MainThread', 'Thread-3 (robot_state_routine_thread)', 'ThreadWatchdog', 'app-main', 'asyncio_0', 'asyncio_1', 'asyncio_2', 'cam-useeplus-decode', 'camera-_useeplus']
2026-07-07 15:07:49.640 [DEBUG   ] [ThreadWatchdog tid=13556] Watchdog snapshot: 10 alive — ['DebugMonitor', 'MainThread', 'Thread-3 (robot_state_routine_thread)', 'ThreadWatchdog', 'app-main', 'asyncio_0', 'asyncio_1', 'asyncio_2', 'cam-useeplus-decode', 'camera-_useeplus']
2026-07-07 15:07:51.642 [DEBUG   ] [ThreadWatchdog tid=13556] Watchdog snapshot: 10 alive — ['DebugMonitor', 'MainThread', 'Thread-3 (robot_state_routine_thread)', 'ThreadWatchdog', 'app-main', 'asyncio_0', 'asyncio_1', 'asyncio_2', 'cam-useeplus-decode', 'camera-_useeplus']
2026-07-07 15:07:53.643 [DEBUG   ] [ThreadWatchdog tid=13556] Watchdog snapshot: 10 alive — ['DebugMonitor', 'MainThread', 'Thread-3 (robot_state_routine_thread)', 'ThreadWatchdog', 'app-main', 'asyncio_0', 'asyncio_1', 'asyncio_2', 'cam-useeplus-decode', 'camera-_useeplus']
2026-07-07 15:07:55.644 [DEBUG   ] [ThreadWatchdog tid=13556] Watchdog snapshot: 10 alive — ['DebugMonitor', 'MainThread', 'Thread-3 (robot_state_routine_thread)', 'ThreadWatchdog', 'app-main', 'asyncio_0', 'asyncio_1', 'asyncio_2', 'cam-useeplus-decode', 'camera-_useeplus']
2026-07-07 15:07:57.645 [DEBUG   ] [ThreadWatchdog tid=13556] Watchdog snapshot: 10 alive — ['DebugMonitor', 'MainThread', 'Thread-3 (robot_state_routine_thread)', 'ThreadWatchdog', 'app-main', 'asyncio_0', 'asyncio_1', 'asyncio_2', 'cam-useeplus-decode', 'camera-_useeplus']
2026-07-07 15:07:59.652 [DEBUG   ] [ThreadWatchdog tid=13556] Watchdog snapshot: 10 alive — ['DebugMonitor', 'MainThread', 'Thread-3 (robot_state_routine_thread)', 'ThreadWatchdog', 'app-main', 'asyncio_0', 'asyncio_1', 'asyncio_2', 'cam-useeplus-decode', 'camera-_useeplus']
2026-07-07 15:08:01.654 [DEBUG   ] [ThreadWatchdog tid=13556] Watchdog snapshot: 10 alive — ['DebugMonitor', 'MainThread', 'Thread-3 (robot_state_routine_thread)', 'ThreadWatchdog', 'app-main', 'asyncio_0', 'asyncio_1', 'asyncio_2', 'cam-useeplus-decode', 'camera-_useeplus']
2026-07-07 15:08:03.670 [DEBUG   ] [ThreadWatchdog tid=13556] Watchdog snapshot: 10 alive — ['DebugMonitor', 'MainThread', 'Thread-3 (robot_state_routine_thread)', 'ThreadWatchdog', 'app-main', 'asyncio_0', 'asyncio_1', 'asyncio_2', 'cam-useeplus-decode', 'camera-_useeplus']
2026-07-07 15:08:05.680 [DEBUG   ] [ThreadWatchdog tid=13556] Watchdog snapshot: 10 alive — ['DebugMonitor', 'MainThread', 'Thread-3 (robot_state_routine_thread)', 'ThreadWatchdog', 'app-main', 'asyncio_0', 'asyncio_1', 'asyncio_2', 'cam-useeplus-decode', 'camera-_useeplus']
2026-07-07 15:08:07.685 [DEBUG   ] [ThreadWatchdog tid=13556] Watchdog snapshot: 10 alive — ['DebugMonitor', 'MainThread', 'Thread-3 (robot_state_routine_thread)', 'ThreadWatchdog', 'app-main', 'asyncio_0', 'asyncio_1', 'asyncio_2', 'cam-useeplus-decode', 'camera-_useeplus']
2026-07-07 15:08:09.689 [DEBUG   ] [ThreadWatchdog tid=13556] Watchdog snapshot: 10 alive — ['DebugMonitor', 'MainThread', 'Thread-3 (robot_state_routine_thread)', 'ThreadWatchdog', 'app-main', 'asyncio_0', 'asyncio_1', 'asyncio_2', 'cam-useeplus-decode', 'camera-_useeplus']
2026-07-07 15:08:11.698 [DEBUG   ] [ThreadWatchdog tid=13556] Watchdog snapshot: 10 alive — ['DebugMonitor', 'MainThread', 'Thread-3 (robot_state_routine_thread)', 'ThreadWatchdog', 'app-main', 'asyncio_0', 'asyncio_1', 'asyncio_2', 'cam-useeplus-decode', 'camera-_useeplus']
2026-07-07 15:08:13.702 [DEBUG   ] [ThreadWatchdog tid=13556] Watchdog snapshot: 10 alive — ['DebugMonitor', 'MainThread', 'Thread-3 (robot_state_routine_thread)', 'ThreadWatchdog', 'app-main', 'asyncio_0', 'asyncio_1', 'asyncio_2', 'cam-useeplus-decode', 'camera-_useeplus']
2026-07-07 15:08:15.707 [DEBUG   ] [ThreadWatchdog tid=13556] Watchdog snapshot: 10 alive — ['DebugMonitor', 'MainThread', 'Thread-3 (robot_state_routine_thread)', 'ThreadWatchdog', 'app-main', 'asyncio_0', 'asyncio_1', 'asyncio_2', 'cam-useeplus-decode', 'camera-_useeplus']
2026-07-07 15:08:17.709 [DEBUG   ] [ThreadWatchdog tid=13556] Watchdog snapshot: 10 alive — ['DebugMonitor', 'MainThread', 'Thread-3 (robot_state_routine_thread)', 'ThreadWatchdog', 'app-main', 'asyncio_0', 'asyncio_1', 'asyncio_2', 'cam-useeplus-decode', 'camera-_useeplus']
2026-07-07 15:08:19.710 [DEBUG   ] [ThreadWatchdog tid=13556] Watchdog snapshot: 10 alive — ['DebugMonitor', 'MainThread', 'Thread-3 (robot_state_routine_thread)', 'ThreadWatchdog', 'app-main', 'asyncio_0', 'asyncio_1', 'asyncio_2', 'cam-useeplus-decode', 'camera-_useeplus']
2026-07-07 15:08:21.711 [DEBUG   ] [ThreadWatchdog tid=13556] Watchdog snapshot: 10 alive — ['DebugMonitor', 'MainThread', 'Thread-3 (robot_state_routine_thread)', 'ThreadWatchdog', 'app-main', 'asyncio_0', 'asyncio_1', 'asyncio_2', 'cam-useeplus-decode', 'camera-_useeplus']
2026-07-07 15:08:23.714 [DEBUG   ] [ThreadWatchdog tid=13556] Watchdog snapshot: 10 alive — ['DebugMonitor', 'MainThread', 'Thread-3 (robot_state_routine_thread)', 'ThreadWatchdog', 'app-main', 'asyncio_0', 'asyncio_1', 'asyncio_2', 'cam-useeplus-decode', 'camera-_useeplus']
2026-07-07 15:08:25.721 [DEBUG   ] [ThreadWatchdog tid=13556] Watchdog snapshot: 10 alive — ['DebugMonitor', 'MainThread', 'Thread-3 (robot_state_routine_thread)', 'ThreadWatchdog', 'app-main', 'asyncio_0', 'asyncio_1', 'asyncio_2', 'cam-useeplus-decode', 'camera-_useeplus']
2026-07-07 15:08:27.730 [DEBUG   ] [ThreadWatchdog tid=13556] Watchdog snapshot: 10 alive — ['DebugMonitor', 'MainThread', 'Thread-3 (robot_state_routine_thread)', 'ThreadWatchdog', 'app-main', 'asyncio_0', 'asyncio_1', 'asyncio_2', 'cam-useeplus-decode', 'camera-_useeplus']
2026-07-07 15:08:29.735 [DEBUG   ] [ThreadWatchdog tid=13556] Watchdog snapshot: 10 alive — ['DebugMonitor', 'MainThread', 'Thread-3 (robot_state_routine_thread)', 'ThreadWatchdog', 'app-main', 'asyncio_0', 'asyncio_1', 'asyncio_2', 'cam-useeplus-decode', 'camera-_useeplus']
2026-07-07 15:08:31.737 [DEBUG   ] [ThreadWatchdog tid=13556] Watchdog snapshot: 10 alive — ['DebugMonitor', 'MainThread', 'Thread-3 (robot_state_routine_thread)', 'ThreadWatchdog', 'app-main', 'asyncio_0', 'asyncio_1', 'asyncio_2', 'cam-useeplus-decode', 'camera-_useeplus']
2026-07-07 15:08:33.738 [DEBUG   ] [ThreadWatchdog tid=13556] Watchdog snapshot: 10 alive — ['DebugMonitor', 'MainThread', 'Thread-3 (robot_state_routine_thread)', 'ThreadWatchdog', 'app-main', 'asyncio_0', 'asyncio_1', 'asyncio_2', 'cam-useeplus-decode', 'camera-_useeplus']
2026-07-07 15:08:35.744 [DEBUG   ] [ThreadWatchdog tid=13556] Watchdog snapshot: 10 alive — ['DebugMonitor', 'MainThread', 'Thread-3 (robot_state_routine_thread)', 'ThreadWatchdog', 'app-main', 'asyncio_0', 'asyncio_1', 'asyncio_2', 'cam-useeplus-decode', 'camera-_useeplus']
2026-07-07 15:08:37.750 [DEBUG   ] [ThreadWatchdog tid=13556] Watchdog snapshot: 10 alive — ['DebugMonitor', 'MainThread', 'Thread-3 (robot_state_routine_thread)', 'ThreadWatchdog', 'app-main', 'asyncio_0', 'asyncio_1', 'asyncio_2', 'cam-useeplus-decode', 'camera-_useeplus']
2026-07-07 15:08:39.755 [DEBUG   ] [ThreadWatchdog tid=13556] Watchdog snapshot: 10 alive — ['DebugMonitor', 'MainThread', 'Thread-3 (robot_state_routine_thread)', 'ThreadWatchdog', 'app-main', 'asyncio_0', 'asyncio_1', 'asyncio_2', 'cam-useeplus-decode', 'camera-_useeplus']
2026-07-07 15:08:41.756 [DEBUG   ] [ThreadWatchdog tid=13556] Watchdog snapshot: 10 alive — ['DebugMonitor', 'MainThread', 'Thread-3 (robot_state_routine_thread)', 'ThreadWatchdog', 'app-main', 'asyncio_0', 'asyncio_1', 'asyncio_2', 'cam-useeplus-decode', 'camera-_useeplus']
2026-07-07 15:08:43.765 [DEBUG   ] [ThreadWatchdog tid=13556] Watchdog snapshot: 10 alive — ['DebugMonitor', 'MainThread', 'Thread-3 (robot_state_routine_thread)', 'ThreadWatchdog', 'app-main', 'asyncio_0', 'asyncio_1', 'asyncio_2', 'cam-useeplus-decode', 'camera-_useeplus']
2026-07-07 15:08:45.769 [DEBUG   ] [ThreadWatchdog tid=13556] Watchdog snapshot: 10 alive — ['DebugMonitor', 'MainThread', 'Thread-3 (robot_state_routine_thread)', 'ThreadWatchdog', 'app-main', 'asyncio_0', 'asyncio_1', 'asyncio_2', 'cam-useeplus-decode', 'camera-_useeplus']
2026-07-07 15:08:47.776 [DEBUG   ] [ThreadWatchdog tid=13556] Watchdog snapshot: 10 alive — ['DebugMonitor', 'MainThread', 'Thread-3 (robot_state_routine_thread)', 'ThreadWatchdog', 'app-main', 'asyncio_0', 'asyncio_1', 'asyncio_2', 'cam-useeplus-decode', 'camera-_useeplus']
2026-07-07 15:08:49.782 [DEBUG   ] [ThreadWatchdog tid=13556] Watchdog snapshot: 10 alive — ['DebugMonitor', 'MainThread', 'Thread-3 (robot_state_routine_thread)', 'ThreadWatchdog', 'app-main', 'asyncio_0', 'asyncio_1', 'asyncio_2', 'cam-useeplus-decode', 'camera-_useeplus']
2026-07-07 15:08:51.784 [DEBUG   ] [ThreadWatchdog tid=13556] Watchdog snapshot: 10 alive — ['DebugMonitor', 'MainThread', 'Thread-3 (robot_state_routine_thread)', 'ThreadWatchdog', 'app-main', 'asyncio_0', 'asyncio_1', 'asyncio_2', 'cam-useeplus-decode', 'camera-_useeplus']
2026-07-07 15:08:53.786 [DEBUG   ] [ThreadWatchdog tid=13556] Watchdog snapshot: 10 alive — ['DebugMonitor', 'MainThread', 'Thread-3 (robot_state_routine_thread)', 'ThreadWatchdog', 'app-main', 'asyncio_0', 'asyncio_1', 'asyncio_2', 'cam-useeplus-decode', 'camera-_useeplus']
2026-07-07 15:08:55.795 [DEBUG   ] [ThreadWatchdog tid=13556] Watchdog snapshot: 10 alive — ['DebugMonitor', 'MainThread', 'Thread-3 (robot_state_routine_thread)', 'ThreadWatchdog', 'app-main', 'asyncio_0', 'asyncio_1', 'asyncio_2', 'cam-useeplus-decode', 'camera-_useeplus']
2026-07-07 15:08:57.798 [DEBUG   ] [ThreadWatchdog tid=13556] Watchdog snapshot: 10 alive — ['DebugMonitor', 'MainThread', 'Thread-3 (robot_state_routine_thread)', 'ThreadWatchdog', 'app-main', 'asyncio_0', 'asyncio_1', 'asyncio_2', 'cam-useeplus-decode', 'camera-_useeplus']
2026-07-07 15:08:59.799 [DEBUG   ] [ThreadWatchdog tid=13556] Watchdog snapshot: 10 alive — ['DebugMonitor', 'MainThread', 'Thread-3 (robot_state_routine_thread)', 'ThreadWatchdog', 'app-main', 'asyncio_0', 'asyncio_1', 'asyncio_2', 'cam-useeplus-decode', 'camera-_useeplus']
2026-07-07 15:09:01.800 [DEBUG   ] [ThreadWatchdog tid=13556] Watchdog snapshot: 10 alive — ['DebugMonitor', 'MainThread', 'Thread-3 (robot_state_routine_thread)', 'ThreadWatchdog', 'app-main', 'asyncio_0', 'asyncio_1', 'asyncio_2', 'cam-useeplus-decode', 'camera-_useeplus']
2026-07-07 15:09:03.802 [DEBUG   ] [ThreadWatchdog tid=13556] Watchdog snapshot: 10 alive — ['DebugMonitor', 'MainThread', 'Thread-3 (robot_state_routine_thread)', 'ThreadWatchdog', 'app-main', 'asyncio_0', 'asyncio_1', 'asyncio_2', 'cam-useeplus-decode', 'camera-_useeplus']
2026-07-07 15:09:05.803 [DEBUG   ] [ThreadWatchdog tid=13556] Watchdog snapshot: 10 alive — ['DebugMonitor', 'MainThread', 'Thread-3 (robot_state_routine_thread)', 'ThreadWatchdog', 'app-main', 'asyncio_0', 'asyncio_1', 'asyncio_2', 'cam-useeplus-decode', 'camera-_useeplus']
2026-07-07 15:09:07.805 [DEBUG   ] [ThreadWatchdog tid=13556] Watchdog snapshot: 10 alive — ['DebugMonitor', 'MainThread', 'Thread-3 (robot_state_routine_thread)', 'ThreadWatchdog', 'app-main', 'asyncio_0', 'asyncio_1', 'asyncio_2', 'cam-useeplus-decode', 'camera-_useeplus']
2026-07-07 15:09:09.806 [DEBUG   ] [ThreadWatchdog tid=13556] Watchdog snapshot: 10 alive — ['DebugMonitor', 'MainThread', 'Thread-3 (robot_state_routine_thread)', 'ThreadWatchdog', 'app-main', 'asyncio_0', 'asyncio_1', 'asyncio_2', 'cam-useeplus-decode', 'camera-_useeplus']
2026-07-07 15:09:11.807 [DEBUG   ] [ThreadWatchdog tid=13556] Watchdog snapshot: 10 alive — ['DebugMonitor', 'MainThread', 'Thread-3 (robot_state_routine_thread)', 'ThreadWatchdog', 'app-main', 'asyncio_0', 'asyncio_1', 'asyncio_2', 'cam-useeplus-decode', 'camera-_useeplus']
2026-07-07 15:09:13.808 [DEBUG   ] [ThreadWatchdog tid=13556] Watchdog snapshot: 10 alive — ['DebugMonitor', 'MainThread', 'Thread-3 (robot_state_routine_thread)', 'ThreadWatchdog', 'app-main', 'asyncio_0', 'asyncio_1', 'asyncio_2', 'cam-useeplus-decode', 'camera-_useeplus']
2026-07-07 15:09:15.809 [DEBUG   ] [ThreadWatchdog tid=13556] Watchdog snapshot: 10 alive — ['DebugMonitor', 'MainThread', 'Thread-3 (robot_state_routine_thread)', 'ThreadWatchdog', 'app-main', 'asyncio_0', 'asyncio_1', 'asyncio_2', 'cam-useeplus-decode', 'camera-_useeplus']
2026-07-07 15:09:17.810 [DEBUG   ] [ThreadWatchdog tid=13556] Watchdog snapshot: 10 alive — ['DebugMonitor', 'MainThread', 'Thread-3 (robot_state_routine_thread)', 'ThreadWatchdog', 'app-main', 'asyncio_0', 'asyncio_1', 'asyncio_2', 'cam-useeplus-decode', 'camera-_useeplus']
2026-07-07 15:09:19.812 [DEBUG   ] [ThreadWatchdog tid=13556] Watchdog snapshot: 10 alive — ['DebugMonitor', 'MainThread', 'Thread-3 (robot_state_routine_thread)', 'ThreadWatchdog', 'app-main', 'asyncio_0', 'asyncio_1', 'asyncio_2', 'cam-useeplus-decode', 'camera-_useeplus']
2026-07-07 15:09:21.824 [DEBUG   ] [ThreadWatchdog tid=13556] Watchdog snapshot: 10 alive — ['DebugMonitor', 'MainThread', 'Thread-3 (robot_state_routine_thread)', 'ThreadWatchdog', 'app-main', 'asyncio_0', 'asyncio_1', 'asyncio_2', 'cam-useeplus-decode', 'camera-_useeplus']
2026-07-07 15:09:23.833 [DEBUG   ] [ThreadWatchdog tid=13556] Watchdog snapshot: 10 alive — ['DebugMonitor', 'MainThread', 'Thread-3 (robot_state_routine_thread)', 'ThreadWatchdog', 'app-main', 'asyncio_0', 'asyncio_1', 'asyncio_2', 'cam-useeplus-decode', 'camera-_useeplus']
2026-07-07 15:09:25.834 [DEBUG   ] [ThreadWatchdog tid=13556] Watchdog snapshot: 10 alive — ['DebugMonitor', 'MainThread', 'Thread-3 (robot_state_routine_thread)', 'ThreadWatchdog', 'app-main', 'asyncio_0', 'asyncio_1', 'asyncio_2', 'cam-useeplus-decode', 'camera-_useeplus']
2026-07-07 15:09:27.836 [DEBUG   ] [ThreadWatchdog tid=13556] Watchdog snapshot: 10 alive — ['DebugMonitor', 'MainThread', 'Thread-3 (robot_state_routine_thread)', 'ThreadWatchdog', 'app-main', 'asyncio_0', 'asyncio_1', 'asyncio_2', 'cam-useeplus-decode', 'camera-_useeplus']
2026-07-07 15:09:29.837 [DEBUG   ] [ThreadWatchdog tid=13556] Watchdog snapshot: 10 alive — ['DebugMonitor', 'MainThread', 'Thread-3 (robot_state_routine_thread)', 'ThreadWatchdog', 'app-main', 'asyncio_0', 'asyncio_1', 'asyncio_2', 'cam-useeplus-decode', 'camera-_useeplus']
2026-07-07 15:09:31.839 [DEBUG   ] [ThreadWatchdog tid=13556] Watchdog snapshot: 10 alive — ['DebugMonitor', 'MainThread', 'Thread-3 (robot_state_routine_thread)', 'ThreadWatchdog', 'app-main', 'asyncio_0', 'asyncio_1', 'asyncio_2', 'cam-useeplus-decode', 'camera-_useeplus']
2026-07-07 15:09:33.847 [DEBUG   ] [ThreadWatchdog tid=13556] Watchdog snapshot: 10 alive — ['DebugMonitor', 'MainThread', 'Thread-3 (robot_state_routine_thread)', 'ThreadWatchdog', 'app-main', 'asyncio_0', 'asyncio_1', 'asyncio_2', 'cam-useeplus-decode', 'camera-_useeplus']
2026-07-07 15:09:35.372 [INFO    ] [app-main tid=1476] [App] DI0 HIGH — starting sequence
2026-07-07 15:09:35.848 [DEBUG   ] [ThreadWatchdog tid=13556] Watchdog snapshot: 10 alive — ['DebugMonitor', 'MainThread', 'Thread-3 (robot_state_routine_thread)', 'ThreadWatchdog', 'app-main', 'asyncio_0', 'asyncio_1', 'asyncio_2', 'cam-useeplus-decode', 'camera-_useeplus']
2026-07-07 15:09:37.849 [DEBUG   ] [ThreadWatchdog tid=13556] Watchdog snapshot: 10 alive — ['DebugMonitor', 'MainThread', 'Thread-3 (robot_state_routine_thread)', 'ThreadWatchdog', 'app-main', 'asyncio_0', 'asyncio_1', 'asyncio_2', 'cam-useeplus-decode', 'camera-_useeplus']
2026-07-07 15:09:39.851 [DEBUG   ] [ThreadWatchdog tid=13556] Watchdog: + thread appeared 'camera-barcode-scanner' (daemon=True)
2026-07-07 15:09:39.851 [DEBUG   ] [ThreadWatchdog tid=13556] Watchdog snapshot: 11 alive — ['DebugMonitor', 'MainThread', 'Thread-3 (robot_state_routine_thread)', 'ThreadWatchdog', 'app-main', 'asyncio_0', 'asyncio_1', 'asyncio_2', 'cam-useeplus-decode', 'camera-_useeplus', 'camera-barcode-scanner']
2026-07-07 15:09:41.853 [DEBUG   ] [ThreadWatchdog tid=13556] Watchdog snapshot: 11 alive — ['DebugMonitor', 'MainThread', 'Thread-3 (robot_state_routine_thread)', 'ThreadWatchdog', 'app-main', 'asyncio_0', 'asyncio_1', 'asyncio_2', 'cam-useeplus-decode', 'camera-_useeplus', 'camera-barcode-scanner']
2026-07-07 15:09:43.854 [DEBUG   ] [ThreadWatchdog tid=13556] Watchdog snapshot: 11 alive — ['DebugMonitor', 'MainThread', 'Thread-3 (robot_state_routine_thread)', 'ThreadWatchdog', 'app-main', 'asyncio_0', 'asyncio_1', 'asyncio_2', 'cam-useeplus-decode', 'camera-_useeplus', 'camera-barcode-scanner']
2026-07-07 15:09:45.855 [DEBUG   ] [ThreadWatchdog tid=13556] Watchdog snapshot: 11 alive — ['DebugMonitor', 'MainThread', 'Thread-3 (robot_state_routine_thread)', 'ThreadWatchdog', 'app-main', 'asyncio_0', 'asyncio_1', 'asyncio_2', 'cam-useeplus-decode', 'camera-_useeplus', 'camera-barcode-scanner']
2026-07-07 15:09:47.646 [INFO    ] [app-main tid=1476] [Sequence] Barcode: 2511TL005663ISI
2026-07-07 15:09:47.646 [INFO    ] [app-main tid=1476] [Sequence] Program: 1
2026-07-07 15:09:47.857 [WARNING ] [ThreadWatchdog tid=13556] Watchdog: − thread DISAPPEARED 'camera-barcode-scanner' (if no FINISHED/CRASHED log above, it died silently)
2026-07-07 15:09:47.857 [DEBUG   ] [ThreadWatchdog tid=13556] Watchdog snapshot: 10 alive — ['DebugMonitor', 'MainThread', 'Thread-3 (robot_state_routine_thread)', 'ThreadWatchdog', 'app-main', 'asyncio_0', 'asyncio_1', 'asyncio_2', 'cam-useeplus-decode', 'camera-_useeplus']
2026-07-07 15:09:49.860 [DEBUG   ] [ThreadWatchdog tid=13556] Watchdog snapshot: 10 alive — ['DebugMonitor', 'MainThread', 'Thread-3 (robot_state_routine_thread)', 'ThreadWatchdog', 'app-main', 'asyncio_0', 'asyncio_1', 'asyncio_2', 'cam-useeplus-decode', 'camera-_useeplus']
2026-07-07 15:09:51.864 [DEBUG   ] [ThreadWatchdog tid=13556] Watchdog snapshot: 10 alive — ['DebugMonitor', 'MainThread', 'Thread-3 (robot_state_routine_thread)', 'ThreadWatchdog', 'app-main', 'asyncio_0', 'asyncio_1', 'asyncio_2', 'cam-useeplus-decode', 'camera-_useeplus']
2026-07-07 15:09:53.865 [DEBUG   ] [ThreadWatchdog tid=13556] Watchdog snapshot: 10 alive — ['DebugMonitor', 'MainThread', 'Thread-3 (robot_state_routine_thread)', 'ThreadWatchdog', 'app-main', 'asyncio_0', 'asyncio_1', 'asyncio_2', 'cam-useeplus-decode', 'camera-_useeplus']
2026-07-07 15:09:55.866 [DEBUG   ] [ThreadWatchdog tid=13556] Watchdog snapshot: 10 alive — ['DebugMonitor', 'MainThread', 'Thread-3 (robot_state_routine_thread)', 'ThreadWatchdog', 'app-main', 'asyncio_0', 'asyncio_1', 'asyncio_2', 'cam-useeplus-decode', 'camera-_useeplus']
2026-07-07 15:09:57.870 [DEBUG   ] [ThreadWatchdog tid=13556] Watchdog snapshot: 10 alive — ['DebugMonitor', 'MainThread', 'Thread-3 (robot_state_routine_thread)', 'ThreadWatchdog', 'app-main', 'asyncio_0', 'asyncio_1', 'asyncio_2', 'cam-useeplus-decode', 'camera-_useeplus']
2026-07-07 15:09:59.878 [DEBUG   ] [ThreadWatchdog tid=13556] Watchdog snapshot: 10 alive — ['DebugMonitor', 'MainThread', 'Thread-3 (robot_state_routine_thread)', 'ThreadWatchdog', 'app-main', 'asyncio_0', 'asyncio_1', 'asyncio_2', 'cam-useeplus-decode', 'camera-_useeplus']
2026-07-07 15:10:01.880 [DEBUG   ] [ThreadWatchdog tid=13556] Watchdog snapshot: 10 alive — ['DebugMonitor', 'MainThread', 'Thread-3 (robot_state_routine_thread)', 'ThreadWatchdog', 'app-main', 'asyncio_0', 'asyncio_1', 'asyncio_2', 'cam-useeplus-decode', 'camera-_useeplus']
2026-07-07 15:10:03.882 [DEBUG   ] [ThreadWatchdog tid=13556] Watchdog snapshot: 10 alive — ['DebugMonitor', 'MainThread', 'Thread-3 (robot_state_routine_thread)', 'ThreadWatchdog', 'app-main', 'asyncio_0', 'asyncio_1', 'asyncio_2', 'cam-useeplus-decode', 'camera-_useeplus']
2026-07-07 15:10:05.884 [DEBUG   ] [ThreadWatchdog tid=13556] Watchdog snapshot: 10 alive — ['DebugMonitor', 'MainThread', 'Thread-3 (robot_state_routine_thread)', 'ThreadWatchdog', 'app-main', 'asyncio_0', 'asyncio_1', 'asyncio_2', 'cam-useeplus-decode', 'camera-_useeplus']
2026-07-07 15:10:07.886 [DEBUG   ] [ThreadWatchdog tid=13556] Watchdog snapshot: 10 alive — ['DebugMonitor', 'MainThread', 'Thread-3 (robot_state_routine_thread)', 'ThreadWatchdog', 'app-main', 'asyncio_0', 'asyncio_1', 'asyncio_2', 'cam-useeplus-decode', 'camera-_useeplus']
2026-07-07 15:10:09.887 [DEBUG   ] [ThreadWatchdog tid=13556] Watchdog snapshot: 10 alive — ['DebugMonitor', 'MainThread', 'Thread-3 (robot_state_routine_thread)', 'ThreadWatchdog', 'app-main', 'asyncio_0', 'asyncio_1', 'asyncio_2', 'cam-useeplus-decode', 'camera-_useeplus']
2026-07-07 15:10:10.765 [INFO    ] [app-main tid=1476] [program_1] Done — model answer — barcode=2511TL005663ISI  result={'image_1': 'Yes'}
2026-07-07 15:10:11.378 [INFO    ] [app-main tid=1476] [program_1] Done — barcode=2511TL005663ISI  result=fail
2026-07-07 15:10:11.888 [DEBUG   ] [ThreadWatchdog tid=13556] Watchdog snapshot: 10 alive — ['DebugMonitor', 'MainThread', 'Thread-3 (robot_state_routine_thread)', 'ThreadWatchdog', 'app-main', 'asyncio_0', 'asyncio_1', 'asyncio_2', 'cam-useeplus-decode', 'camera-_useeplus']
2026-07-07 15:10:13.889 [DEBUG   ] [ThreadWatchdog tid=13556] Watchdog snapshot: 10 alive — ['DebugMonitor', 'MainThread', 'Thread-3 (robot_state_routine_thread)', 'ThreadWatchdog', 'app-main', 'asyncio_0', 'asyncio_1', 'asyncio_2', 'cam-useeplus-decode', 'camera-_useeplus']
2026-07-07 15:10:15.890 [DEBUG   ] [ThreadWatchdog tid=13556] Watchdog snapshot: 10 alive — ['DebugMonitor', 'MainThread', 'Thread-3 (robot_state_routine_thread)', 'ThreadWatchdog', 'app-main', 'asyncio_0', 'asyncio_1', 'asyncio_2', 'cam-useeplus-decode', 'camera-_useeplus']
2026-07-07 15:10:17.891 [DEBUG   ] [ThreadWatchdog tid=13556] Watchdog snapshot: 10 alive — ['DebugMonitor', 'MainThread', 'Thread-3 (robot_state_routine_thread)', 'ThreadWatchdog', 'app-main', 'asyncio_0', 'asyncio_1', 'asyncio_2', 'cam-useeplus-decode', 'camera-_useeplus']
2026-07-07 15:10:19.895 [DEBUG   ] [ThreadWatchdog tid=13556] Watchdog snapshot: 10 alive — ['DebugMonitor', 'MainThread', 'Thread-3 (robot_state_routine_thread)', 'ThreadWatchdog', 'app-main', 'asyncio_0', 'asyncio_1', 'asyncio_2', 'cam-useeplus-decode', 'camera-_useeplus']
2026-07-07 15:10:21.901 [DEBUG   ] [ThreadWatchdog tid=13556] Watchdog snapshot: 10 alive — ['DebugMonitor', 'MainThread', 'Thread-3 (robot_state_routine_thread)', 'ThreadWatchdog', 'app-main', 'asyncio_0', 'asyncio_1', 'asyncio_2', 'cam-useeplus-decode', 'camera-_useeplus']
2026-07-07 15:10:23.910 [DEBUG   ] [ThreadWatchdog tid=13556] Watchdog snapshot: 10 alive — ['DebugMonitor', 'MainThread', 'Thread-3 (robot_state_routine_thread)', 'ThreadWatchdog', 'app-main', 'asyncio_0', 'asyncio_1', 'asyncio_2', 'cam-useeplus-decode', 'camera-_useeplus']
2026-07-07 15:10:25.911 [DEBUG   ] [ThreadWatchdog tid=13556] Watchdog snapshot: 10 alive — ['DebugMonitor', 'MainThread', 'Thread-3 (robot_state_routine_thread)', 'ThreadWatchdog', 'app-main', 'asyncio_0', 'asyncio_1', 'asyncio_2', 'cam-useeplus-decode', 'camera-_useeplus']
2026-07-07 15:10:27.912 [DEBUG   ] [ThreadWatchdog tid=13556] Watchdog snapshot: 10 alive — ['DebugMonitor', 'MainThread', 'Thread-3 (robot_state_routine_thread)', 'ThreadWatchdog', 'app-main', 'asyncio_0', 'asyncio_1', 'asyncio_2', 'cam-useeplus-decode', 'camera-_useeplus']
2026-07-07 15:10:29.915 [DEBUG   ] [ThreadWatchdog tid=13556] Watchdog snapshot: 10 alive — ['DebugMonitor', 'MainThread', 'Thread-3 (robot_state_routine_thread)', 'ThreadWatchdog', 'app-main', 'asyncio_0', 'asyncio_1', 'asyncio_2', 'cam-useeplus-decode', 'camera-_useeplus']
2026-07-07 15:10:31.917 [DEBUG   ] [ThreadWatchdog tid=13556] Watchdog snapshot: 10 alive — ['DebugMonitor', 'MainThread', 'Thread-3 (robot_state_routine_thread)', 'ThreadWatchdog', 'app-main', 'asyncio_0', 'asyncio_1', 'asyncio_2', 'cam-useeplus-decode', 'camera-_useeplus']
2026-07-07 15:10:33.918 [DEBUG   ] [ThreadWatchdog tid=13556] Watchdog snapshot: 10 alive — ['DebugMonitor', 'MainThread', 'Thread-3 (robot_state_routine_thread)', 'ThreadWatchdog', 'app-main', 'asyncio_0', 'asyncio_1', 'asyncio_2', 'cam-useeplus-decode', 'camera-_useeplus']
2026-07-07 15:10:35.927 [DEBUG   ] [ThreadWatchdog tid=13556] Watchdog snapshot: 10 alive — ['DebugMonitor', 'MainThread', 'Thread-3 (robot_state_routine_thread)', 'ThreadWatchdog', 'app-main', 'asyncio_0', 'asyncio_1', 'asyncio_2', 'cam-useeplus-decode', 'camera-_useeplus']
2026-07-07 15:10:37.928 [DEBUG   ] [ThreadWatchdog tid=13556] Watchdog snapshot: 10 alive — ['DebugMonitor', 'MainThread', 'Thread-3 (robot_state_routine_thread)', 'ThreadWatchdog', 'app-main', 'asyncio_0', 'asyncio_1', 'asyncio_2', 'cam-useeplus-decode', 'camera-_useeplus']
2026-07-07 15:10:39.929 [DEBUG   ] [ThreadWatchdog tid=13556] Watchdog snapshot: 10 alive — ['DebugMonitor', 'MainThread', 'Thread-3 (robot_state_routine_thread)', 'ThreadWatchdog', 'app-main', 'asyncio_0', 'asyncio_1', 'asyncio_2', 'cam-useeplus-decode', 'camera-_useeplus']
2026-07-07 15:10:41.931 [DEBUG   ] [ThreadWatchdog tid=13556] Watchdog snapshot: 10 alive — ['DebugMonitor', 'MainThread', 'Thread-3 (robot_state_routine_thread)', 'ThreadWatchdog', 'app-main', 'asyncio_0', 'asyncio_1', 'asyncio_2', 'cam-useeplus-decode', 'camera-_useeplus']
2026-07-07 15:10:43.932 [DEBUG   ] [ThreadWatchdog tid=13556] Watchdog snapshot: 10 alive — ['DebugMonitor', 'MainThread', 'Thread-3 (robot_state_routine_thread)', 'ThreadWatchdog', 'app-main', 'asyncio_0', 'asyncio_1', 'asyncio_2', 'cam-useeplus-decode', 'camera-_useeplus']
2026-07-07 15:10:45.933 [DEBUG   ] [ThreadWatchdog tid=13556] Watchdog snapshot: 10 alive — ['DebugMonitor', 'MainThread', 'Thread-3 (robot_state_routine_thread)', 'ThreadWatchdog', 'app-main', 'asyncio_0', 'asyncio_1', 'asyncio_2', 'cam-useeplus-decode', 'camera-_useeplus']
2026-07-07 15:10:47.944 [DEBUG   ] [ThreadWatchdog tid=13556] Watchdog snapshot: 10 alive — ['DebugMonitor', 'MainThread', 'Thread-3 (robot_state_routine_thread)', 'ThreadWatchdog', 'app-main', 'asyncio_0', 'asyncio_1', 'asyncio_2', 'cam-useeplus-decode', 'camera-_useeplus']
2026-07-07 15:10:49.947 [DEBUG   ] [ThreadWatchdog tid=13556] Watchdog snapshot: 10 alive — ['DebugMonitor', 'MainThread', 'Thread-3 (robot_state_routine_thread)', 'ThreadWatchdog', 'app-main', 'asyncio_0', 'asyncio_1', 'asyncio_2', 'cam-useeplus-decode', 'camera-_useeplus']
2026-07-07 15:10:51.948 [DEBUG   ] [ThreadWatchdog tid=13556] Watchdog snapshot: 10 alive — ['DebugMonitor', 'MainThread', 'Thread-3 (robot_state_routine_thread)', 'ThreadWatchdog', 'app-main', 'asyncio_0', 'asyncio_1', 'asyncio_2', 'cam-useeplus-decode', 'camera-_useeplus']
2026-07-07 15:10:53.950 [DEBUG   ] [ThreadWatchdog tid=13556] Watchdog snapshot: 10 alive — ['DebugMonitor', 'MainThread', 'Thread-3 (robot_state_routine_thread)', 'ThreadWatchdog', 'app-main', 'asyncio_0', 'asyncio_1', 'asyncio_2', 'cam-useeplus-decode', 'camera-_useeplus']
2026-07-07 15:10:55.951 [DEBUG   ] [ThreadWatchdog tid=13556] Watchdog snapshot: 10 alive — ['DebugMonitor', 'MainThread', 'Thread-3 (robot_state_routine_thread)', 'ThreadWatchdog', 'app-main', 'asyncio_0', 'asyncio_1', 'asyncio_2', 'cam-useeplus-decode', 'camera-_useeplus']
2026-07-07 15:10:57.952 [DEBUG   ] [ThreadWatchdog tid=13556] Watchdog snapshot: 10 alive — ['DebugMonitor', 'MainThread', 'Thread-3 (robot_state_routine_thread)', 'ThreadWatchdog', 'app-main', 'asyncio_0', 'asyncio_1', 'asyncio_2', 'cam-useeplus-decode', 'camera-_useeplus']
2026-07-07 15:10:59.954 [DEBUG   ] [ThreadWatchdog tid=13556] Watchdog snapshot: 10 alive — ['DebugMonitor', 'MainThread', 'Thread-3 (robot_state_routine_thread)', 'ThreadWatchdog', 'app-main', 'asyncio_0', 'asyncio_1', 'asyncio_2', 'cam-useeplus-decode', 'camera-_useeplus']
2026-07-07 15:11:01.955 [DEBUG   ] [ThreadWatchdog tid=13556] Watchdog snapshot: 10 alive — ['DebugMonitor', 'MainThread', 'Thread-3 (robot_state_routine_thread)', 'ThreadWatchdog', 'app-main', 'asyncio_0', 'asyncio_1', 'asyncio_2', 'cam-useeplus-decode', 'camera-_useeplus']
2026-07-07 15:11:03.956 [DEBUG   ] [ThreadWatchdog tid=13556] Watchdog snapshot: 10 alive — ['DebugMonitor', 'MainThread', 'Thread-3 (robot_state_routine_thread)', 'ThreadWatchdog', 'app-main', 'asyncio_0', 'asyncio_1', 'asyncio_2', 'cam-useeplus-decode', 'camera-_useeplus']
2026-07-07 15:11:05.957 [DEBUG   ] [ThreadWatchdog tid=13556] Watchdog snapshot: 10 alive — ['DebugMonitor', 'MainThread', 'Thread-3 (robot_state_routine_thread)', 'ThreadWatchdog', 'app-main', 'asyncio_0', 'asyncio_1', 'asyncio_2', 'cam-useeplus-decode', 'camera-_useeplus']
2026-07-07 15:11:07.960 [DEBUG   ] [ThreadWatchdog tid=13556] Watchdog snapshot: 10 alive — ['DebugMonitor', 'MainThread', 'Thread-3 (robot_state_routine_thread)', 'ThreadWatchdog', 'app-main', 'asyncio_0', 'asyncio_1', 'asyncio_2', 'cam-useeplus-decode', 'camera-_useeplus']
2026-07-07 15:11:09.961 [DEBUG   ] [ThreadWatchdog tid=13556] Watchdog snapshot: 10 alive — ['DebugMonitor', 'MainThread', 'Thread-3 (robot_state_routine_thread)', 'ThreadWatchdog', 'app-main', 'asyncio_0', 'asyncio_1', 'asyncio_2', 'cam-useeplus-decode', 'camera-_useeplus']
2026-07-07 15:11:11.962 [DEBUG   ] [ThreadWatchdog tid=13556] Watchdog snapshot: 10 alive — ['DebugMonitor', 'MainThread', 'Thread-3 (robot_state_routine_thread)', 'ThreadWatchdog', 'app-main', 'asyncio_0', 'asyncio_1', 'asyncio_2', 'cam-useeplus-decode', 'camera-_useeplus']
2026-07-07 15:11:13.963 [DEBUG   ] [ThreadWatchdog tid=13556] Watchdog snapshot: 10 alive — ['DebugMonitor', 'MainThread', 'Thread-3 (robot_state_routine_thread)', 'ThreadWatchdog', 'app-main', 'asyncio_0', 'asyncio_1', 'asyncio_2', 'cam-useeplus-decode', 'camera-_useeplus']
2026-07-07 15:11:15.964 [DEBUG   ] [ThreadWatchdog tid=13556] Watchdog snapshot: 10 alive — ['DebugMonitor', 'MainThread', 'Thread-3 (robot_state_routine_thread)', 'ThreadWatchdog', 'app-main', 'asyncio_0', 'asyncio_1', 'asyncio_2', 'cam-useeplus-decode', 'camera-_useeplus']
2026-07-07 15:12:23.367 [INFO    ] [MainThread tid=8900] ======================================================================
2026-07-07 15:12:23.367 [INFO    ] [MainThread tid=8900] Logger initialised — log file: d:\hhhhhhhhhh\fresh-new\logs\threads.log
2026-07-07 15:12:23.367 [INFO    ] [MainThread tid=8900] Python 3.12.10 on win32
2026-07-07 15:12:23.368 [INFO    ] [MainThread tid=8900] ======================================================================
2026-07-07 15:12:23.369 [INFO    ] [ThreadWatchdog tid=7052] Watchdog started — checking every 2.0s
2026-07-07 15:12:23.369 [INFO    ] [MainThread tid=8900] thread_logger setup complete ✓
2026-07-07 15:12:23.369 [DEBUG   ] [ThreadWatchdog tid=7052] Watchdog: + thread appeared 'MainThread' (daemon=False)
2026-07-07 15:12:23.369 [DEBUG   ] [ThreadWatchdog tid=7052] Watchdog: + thread appeared 'ThreadWatchdog' (daemon=True)
2026-07-07 15:12:23.369 [DEBUG   ] [ThreadWatchdog tid=7052] Watchdog: + thread appeared 'Thread-2' (daemon=False)
2026-07-07 15:12:23.369 [DEBUG   ] [ThreadWatchdog tid=7052] Watchdog snapshot: 3 alive — ['MainThread', 'Thread-2', 'ThreadWatchdog']
2026-07-07 15:12:23.889 [INFO    ] [MainThread tid=8900] === web_server: App created (STOPPED) — press Start in dashboard ===
2026-07-07 15:12:23.890 [INFO    ] [MainThread tid=8900] === web_server: listening on http://0.0.0.0:8000 ===
2026-07-07 15:12:25.370 [DEBUG   ] [ThreadWatchdog tid=7052] Watchdog: + thread appeared 'DebugMonitor' (daemon=True)
2026-07-07 15:12:25.370 [DEBUG   ] [ThreadWatchdog tid=7052] Watchdog: + thread appeared 'asyncio_0' (daemon=False)
2026-07-07 15:12:25.371 [DEBUG   ] [ThreadWatchdog tid=7052] Watchdog snapshot: 5 alive — ['DebugMonitor', 'MainThread', 'Thread-2', 'ThreadWatchdog', 'asyncio_0']
2026-07-07 15:12:27.372 [DEBUG   ] [ThreadWatchdog tid=7052] Watchdog: + thread appeared 'asyncio_1' (daemon=False)
2026-07-07 15:12:27.372 [WARNING ] [ThreadWatchdog tid=7052] Watchdog: − thread DISAPPEARED 'Thread-2' (if no FINISHED/CRASHED log above, it died silently)
2026-07-07 15:12:27.372 [DEBUG   ] [ThreadWatchdog tid=7052] Watchdog snapshot: 5 alive — ['DebugMonitor', 'MainThread', 'ThreadWatchdog', 'asyncio_0', 'asyncio_1']
2026-07-07 15:12:28.480 [INFO    ] [app-main tid=11972] [App] _run_main started
2026-07-07 15:12:29.376 [DEBUG   ] [ThreadWatchdog tid=7052] Watchdog: + thread appeared 'camera-_useeplus' (daemon=True)
2026-07-07 15:12:29.376 [DEBUG   ] [ThreadWatchdog tid=7052] Watchdog: + thread appeared 'Thread-3 (robot_state_routine_thread)' (daemon=True)
2026-07-07 15:12:29.377 [DEBUG   ] [ThreadWatchdog tid=7052] Watchdog: + thread appeared 'cam-useeplus-decode' (daemon=True)
2026-07-07 15:12:29.378 [DEBUG   ] [ThreadWatchdog tid=7052] Watchdog: + thread appeared 'app-main' (daemon=True)
2026-07-07 15:12:29.378 [DEBUG   ] [ThreadWatchdog tid=7052] Watchdog snapshot: 9 alive — ['DebugMonitor', 'MainThread', 'Thread-3 (robot_state_routine_thread)', 'ThreadWatchdog', 'app-main', 'asyncio_0', 'asyncio_1', 'cam-useeplus-decode', 'camera-_useeplus']
2026-07-07 15:12:30.344 [INFO    ] [app-main tid=11972] [App] Ready — waiting for trigger DI0
2026-07-07 15:12:31.381 [DEBUG   ] [ThreadWatchdog tid=7052] Watchdog snapshot: 9 alive — ['DebugMonitor', 'MainThread', 'Thread-3 (robot_state_routine_thread)', 'ThreadWatchdog', 'app-main', 'asyncio_0', 'asyncio_1', 'cam-useeplus-decode', 'camera-_useeplus']
2026-07-07 15:12:33.382 [DEBUG   ] [ThreadWatchdog tid=7052] Watchdog snapshot: 9 alive — ['DebugMonitor', 'MainThread', 'Thread-3 (robot_state_routine_thread)', 'ThreadWatchdog', 'app-main', 'asyncio_0', 'asyncio_1', 'cam-useeplus-decode', 'camera-_useeplus']
2026-07-07 15:12:35.385 [DEBUG   ] [ThreadWatchdog tid=7052] Watchdog snapshot: 9 alive — ['DebugMonitor', 'MainThread', 'Thread-3 (robot_state_routine_thread)', 'ThreadWatchdog', 'app-main', 'asyncio_0', 'asyncio_1', 'cam-useeplus-decode', 'camera-_useeplus']
2026-07-07 15:12:37.388 [DEBUG   ] [ThreadWatchdog tid=7052] Watchdog snapshot: 9 alive — ['DebugMonitor', 'MainThread', 'Thread-3 (robot_state_routine_thread)', 'ThreadWatchdog', 'app-main', 'asyncio_0', 'asyncio_1', 'cam-useeplus-decode', 'camera-_useeplus']
2026-07-07 15:12:37.473 [INFO    ] [app-main tid=11972] [App] DI0 HIGH — starting sequence
2026-07-07 15:12:39.391 [DEBUG   ] [ThreadWatchdog tid=7052] Watchdog: + thread appeared 'camera-barcode-scanner' (daemon=True)
2026-07-07 15:12:39.391 [DEBUG   ] [ThreadWatchdog tid=7052] Watchdog snapshot: 10 alive — ['DebugMonitor', 'MainThread', 'Thread-3 (robot_state_routine_thread)', 'ThreadWatchdog', 'app-main', 'asyncio_0', 'asyncio_1', 'cam-useeplus-decode', 'camera-_useeplus', 'camera-barcode-scanner']
2026-07-07 15:12:41.395 [DEBUG   ] [ThreadWatchdog tid=7052] Watchdog snapshot: 10 alive — ['DebugMonitor', 'MainThread', 'Thread-3 (robot_state_routine_thread)', 'ThreadWatchdog', 'app-main', 'asyncio_0', 'asyncio_1', 'cam-useeplus-decode', 'camera-_useeplus', 'camera-barcode-scanner']
2026-07-07 15:12:41.918 [INFO    ] [app-main tid=11972] [Sequence] Barcode: 2511TL005663ISI
2026-07-07 15:12:41.918 [INFO    ] [app-main tid=11972] [Program] Loading mapping file: d:\hhhhhhhhhh\fresh-new\program_mapping.xlsx
2026-07-07 15:12:41.952 [INFO    ] [app-main tid=11972] [Sequence] Program: 1
2026-07-07 15:12:43.401 [WARNING ] [ThreadWatchdog tid=7052] Watchdog: − thread DISAPPEARED 'camera-barcode-scanner' (if no FINISHED/CRASHED log above, it died silently)
2026-07-07 15:12:43.401 [DEBUG   ] [ThreadWatchdog tid=7052] Watchdog snapshot: 9 alive — ['DebugMonitor', 'MainThread', 'Thread-3 (robot_state_routine_thread)', 'ThreadWatchdog', 'app-main', 'asyncio_0', 'asyncio_1', 'cam-useeplus-decode', 'camera-_useeplus']
2026-07-07 15:12:45.404 [DEBUG   ] [ThreadWatchdog tid=7052] Watchdog snapshot: 9 alive — ['DebugMonitor', 'MainThread', 'Thread-3 (robot_state_routine_thread)', 'ThreadWatchdog', 'app-main', 'asyncio_0', 'asyncio_1', 'cam-useeplus-decode', 'camera-_useeplus']
2026-07-07 15:12:47.406 [DEBUG   ] [ThreadWatchdog tid=7052] Watchdog snapshot: 9 alive — ['DebugMonitor', 'MainThread', 'Thread-3 (robot_state_routine_thread)', 'ThreadWatchdog', 'app-main', 'asyncio_0', 'asyncio_1', 'cam-useeplus-decode', 'camera-_useeplus']
2026-07-07 15:12:49.408 [DEBUG   ] [ThreadWatchdog tid=7052] Watchdog snapshot: 9 alive — ['DebugMonitor', 'MainThread', 'Thread-3 (robot_state_routine_thread)', 'ThreadWatchdog', 'app-main', 'asyncio_0', 'asyncio_1', 'cam-useeplus-decode', 'camera-_useeplus']
2026-07-07 15:12:51.409 [DEBUG   ] [ThreadWatchdog tid=7052] Watchdog snapshot: 9 alive — ['DebugMonitor', 'MainThread', 'Thread-3 (robot_state_routine_thread)', 'ThreadWatchdog', 'app-main', 'asyncio_0', 'asyncio_1', 'cam-useeplus-decode', 'camera-_useeplus']
2026-07-07 15:12:53.410 [DEBUG   ] [ThreadWatchdog tid=7052] Watchdog snapshot: 9 alive — ['DebugMonitor', 'MainThread', 'Thread-3 (robot_state_routine_thread)', 'ThreadWatchdog', 'app-main', 'asyncio_0', 'asyncio_1', 'cam-useeplus-decode', 'camera-_useeplus']
2026-07-07 15:12:55.418 [DEBUG   ] [ThreadWatchdog tid=7052] Watchdog snapshot: 9 alive — ['DebugMonitor', 'MainThread', 'Thread-3 (robot_state_routine_thread)', 'ThreadWatchdog', 'app-main', 'asyncio_0', 'asyncio_1', 'cam-useeplus-decode', 'camera-_useeplus']
2026-07-07 15:12:57.421 [DEBUG   ] [ThreadWatchdog tid=7052] Watchdog snapshot: 9 alive — ['DebugMonitor', 'MainThread', 'Thread-3 (robot_state_routine_thread)', 'ThreadWatchdog', 'app-main', 'asyncio_0', 'asyncio_1', 'cam-useeplus-decode', 'camera-_useeplus']
2026-07-07 15:12:59.423 [DEBUG   ] [ThreadWatchdog tid=7052] Watchdog snapshot: 9 alive — ['DebugMonitor', 'MainThread', 'Thread-3 (robot_state_routine_thread)', 'ThreadWatchdog', 'app-main', 'asyncio_0', 'asyncio_1', 'cam-useeplus-decode', 'camera-_useeplus']
2026-07-07 15:13:01.425 [DEBUG   ] [ThreadWatchdog tid=7052] Watchdog snapshot: 9 alive — ['DebugMonitor', 'MainThread', 'Thread-3 (robot_state_routine_thread)', 'ThreadWatchdog', 'app-main', 'asyncio_0', 'asyncio_1', 'cam-useeplus-decode', 'camera-_useeplus']
2026-07-07 15:13:03.425 [DEBUG   ] [ThreadWatchdog tid=7052] Watchdog snapshot: 9 alive — ['DebugMonitor', 'MainThread', 'Thread-3 (robot_state_routine_thread)', 'ThreadWatchdog', 'app-main', 'asyncio_0', 'asyncio_1', 'cam-useeplus-decode', 'camera-_useeplus']
2026-07-07 15:13:04.827 [INFO    ] [app-main tid=11972] [program_1] Done — model answer — barcode=2511TL005663ISI  result={'image_1': 'Yes'}
2026-07-07 15:13:05.427 [DEBUG   ] [ThreadWatchdog tid=7052] Watchdog snapshot: 9 alive — ['DebugMonitor', 'MainThread', 'Thread-3 (robot_state_routine_thread)', 'ThreadWatchdog', 'app-main', 'asyncio_0', 'asyncio_1', 'cam-useeplus-decode', 'camera-_useeplus']
2026-07-07 15:13:05.465 [INFO    ] [app-main tid=11972] [program_1] Done — barcode=2511TL005663ISI  result=fail
2026-07-07 15:13:07.429 [DEBUG   ] [ThreadWatchdog tid=7052] Watchdog snapshot: 9 alive — ['DebugMonitor', 'MainThread', 'Thread-3 (robot_state_routine_thread)', 'ThreadWatchdog', 'app-main', 'asyncio_0', 'asyncio_1', 'cam-useeplus-decode', 'camera-_useeplus']
2026-07-07 15:13:09.430 [DEBUG   ] [ThreadWatchdog tid=7052] Watchdog snapshot: 9 alive — ['DebugMonitor', 'MainThread', 'Thread-3 (robot_state_routine_thread)', 'ThreadWatchdog', 'app-main', 'asyncio_0', 'asyncio_1', 'cam-useeplus-decode', 'camera-_useeplus']
2026-07-07 15:13:11.432 [DEBUG   ] [ThreadWatchdog tid=7052] Watchdog snapshot: 9 alive — ['DebugMonitor', 'MainThread', 'Thread-3 (robot_state_routine_thread)', 'ThreadWatchdog', 'app-main', 'asyncio_0', 'asyncio_1', 'cam-useeplus-decode', 'camera-_useeplus']
2026-07-07 15:13:13.434 [DEBUG   ] [ThreadWatchdog tid=7052] Watchdog snapshot: 9 alive — ['DebugMonitor', 'MainThread', 'Thread-3 (robot_state_routine_thread)', 'ThreadWatchdog', 'app-main', 'asyncio_0', 'asyncio_1', 'cam-useeplus-decode', 'camera-_useeplus']
2026-07-07 15:13:15.436 [DEBUG   ] [ThreadWatchdog tid=7052] Watchdog snapshot: 9 alive — ['DebugMonitor', 'MainThread', 'Thread-3 (robot_state_routine_thread)', 'ThreadWatchdog', 'app-main', 'asyncio_0', 'asyncio_1', 'cam-useeplus-decode', 'camera-_useeplus']
2026-07-07 15:13:17.438 [DEBUG   ] [ThreadWatchdog tid=7052] Watchdog snapshot: 9 alive — ['DebugMonitor', 'MainThread', 'Thread-3 (robot_state_routine_thread)', 'ThreadWatchdog', 'app-main', 'asyncio_0', 'asyncio_1', 'cam-useeplus-decode', 'camera-_useeplus']
2026-07-07 15:13:19.441 [DEBUG   ] [ThreadWatchdog tid=7052] Watchdog snapshot: 9 alive — ['DebugMonitor', 'MainThread', 'Thread-3 (robot_state_routine_thread)', 'ThreadWatchdog', 'app-main', 'asyncio_0', 'asyncio_1', 'cam-useeplus-decode', 'camera-_useeplus']
2026-07-07 15:13:21.442 [DEBUG   ] [ThreadWatchdog tid=7052] Watchdog snapshot: 9 alive — ['DebugMonitor', 'MainThread', 'Thread-3 (robot_state_routine_thread)', 'ThreadWatchdog', 'app-main', 'asyncio_0', 'asyncio_1', 'cam-useeplus-decode', 'camera-_useeplus']
2026-07-07 15:13:23.484 [DEBUG   ] [ThreadWatchdog tid=7052] Watchdog snapshot: 9 alive — ['DebugMonitor', 'MainThread', 'Thread-3 (robot_state_routine_thread)', 'ThreadWatchdog', 'app-main', 'asyncio_0', 'asyncio_1', 'cam-useeplus-decode', 'camera-_useeplus']
2026-07-07 15:13:25.485 [DEBUG   ] [ThreadWatchdog tid=7052] Watchdog snapshot: 9 alive — ['DebugMonitor', 'MainThread', 'Thread-3 (robot_state_routine_thread)', 'ThreadWatchdog', 'app-main', 'asyncio_0', 'asyncio_1', 'cam-useeplus-decode', 'camera-_useeplus']
2026-07-07 15:13:27.486 [DEBUG   ] [ThreadWatchdog tid=7052] Watchdog snapshot: 9 alive — ['DebugMonitor', 'MainThread', 'Thread-3 (robot_state_routine_thread)', 'ThreadWatchdog', 'app-main', 'asyncio_0', 'asyncio_1', 'cam-useeplus-decode', 'camera-_useeplus']
2026-07-07 15:13:29.495 [DEBUG   ] [ThreadWatchdog tid=7052] Watchdog snapshot: 9 alive — ['DebugMonitor', 'MainThread', 'Thread-3 (robot_state_routine_thread)', 'ThreadWatchdog', 'app-main', 'asyncio_0', 'asyncio_1', 'cam-useeplus-decode', 'camera-_useeplus']
2026-07-07 15:13:31.505 [DEBUG   ] [ThreadWatchdog tid=7052] Watchdog snapshot: 9 alive — ['DebugMonitor', 'MainThread', 'Thread-3 (robot_state_routine_thread)', 'ThreadWatchdog', 'app-main', 'asyncio_0', 'asyncio_1', 'cam-useeplus-decode', 'camera-_useeplus']
2026-07-07 15:13:33.515 [DEBUG   ] [ThreadWatchdog tid=7052] Watchdog snapshot: 9 alive — ['DebugMonitor', 'MainThread', 'Thread-3 (robot_state_routine_thread)', 'ThreadWatchdog', 'app-main', 'asyncio_0', 'asyncio_1', 'cam-useeplus-decode', 'camera-_useeplus']
2026-07-07 15:13:35.516 [DEBUG   ] [ThreadWatchdog tid=7052] Watchdog snapshot: 9 alive — ['DebugMonitor', 'MainThread', 'Thread-3 (robot_state_routine_thread)', 'ThreadWatchdog', 'app-main', 'asyncio_0', 'asyncio_1', 'cam-useeplus-decode', 'camera-_useeplus']
2026-07-07 15:13:37.528 [DEBUG   ] [ThreadWatchdog tid=7052] Watchdog snapshot: 9 alive — ['DebugMonitor', 'MainThread', 'Thread-3 (robot_state_routine_thread)', 'ThreadWatchdog', 'app-main', 'asyncio_0', 'asyncio_1', 'cam-useeplus-decode', 'camera-_useeplus']
2026-07-07 15:13:39.534 [DEBUG   ] [ThreadWatchdog tid=7052] Watchdog snapshot: 9 alive — ['DebugMonitor', 'MainThread', 'Thread-3 (robot_state_routine_thread)', 'ThreadWatchdog', 'app-main', 'asyncio_0', 'asyncio_1', 'cam-useeplus-decode', 'camera-_useeplus']
2026-07-07 15:13:41.536 [DEBUG   ] [ThreadWatchdog tid=7052] Watchdog snapshot: 9 alive — ['DebugMonitor', 'MainThread', 'Thread-3 (robot_state_routine_thread)', 'ThreadWatchdog', 'app-main', 'asyncio_0', 'asyncio_1', 'cam-useeplus-decode', 'camera-_useeplus']
2026-07-07 15:13:43.547 [DEBUG   ] [ThreadWatchdog tid=7052] Watchdog snapshot: 9 alive — ['DebugMonitor', 'MainThread', 'Thread-3 (robot_state_routine_thread)', 'ThreadWatchdog', 'app-main', 'asyncio_0', 'asyncio_1', 'cam-useeplus-decode', 'camera-_useeplus']
2026-07-07 15:13:45.553 [DEBUG   ] [ThreadWatchdog tid=7052] Watchdog snapshot: 9 alive — ['DebugMonitor', 'MainThread', 'Thread-3 (robot_state_routine_thread)', 'ThreadWatchdog', 'app-main', 'asyncio_0', 'asyncio_1', 'cam-useeplus-decode', 'camera-_useeplus']
2026-07-07 15:13:47.555 [DEBUG   ] [ThreadWatchdog tid=7052] Watchdog snapshot: 9 alive — ['DebugMonitor', 'MainThread', 'Thread-3 (robot_state_routine_thread)', 'ThreadWatchdog', 'app-main', 'asyncio_0', 'asyncio_1', 'cam-useeplus-decode', 'camera-_useeplus']
2026-07-07 15:13:49.557 [DEBUG   ] [ThreadWatchdog tid=7052] Watchdog snapshot: 9 alive — ['DebugMonitor', 'MainThread', 'Thread-3 (robot_state_routine_thread)', 'ThreadWatchdog', 'app-main', 'asyncio_0', 'asyncio_1', 'cam-useeplus-decode', 'camera-_useeplus']
2026-07-07 15:13:51.570 [DEBUG   ] [ThreadWatchdog tid=7052] Watchdog snapshot: 9 alive — ['DebugMonitor', 'MainThread', 'Thread-3 (robot_state_routine_thread)', 'ThreadWatchdog', 'app-main', 'asyncio_0', 'asyncio_1', 'cam-useeplus-decode', 'camera-_useeplus']
2026-07-07 15:13:53.572 [DEBUG   ] [ThreadWatchdog tid=7052] Watchdog snapshot: 9 alive — ['DebugMonitor', 'MainThread', 'Thread-3 (robot_state_routine_thread)', 'ThreadWatchdog', 'app-main', 'asyncio_0', 'asyncio_1', 'cam-useeplus-decode', 'camera-_useeplus']
2026-07-07 15:13:55.573 [DEBUG   ] [ThreadWatchdog tid=7052] Watchdog snapshot: 9 alive — ['DebugMonitor', 'MainThread', 'Thread-3 (robot_state_routine_thread)', 'ThreadWatchdog', 'app-main', 'asyncio_0', 'asyncio_1', 'cam-useeplus-decode', 'camera-_useeplus']
2026-07-07 15:13:57.581 [DEBUG   ] [ThreadWatchdog tid=7052] Watchdog snapshot: 9 alive — ['DebugMonitor', 'MainThread', 'Thread-3 (robot_state_routine_thread)', 'ThreadWatchdog', 'app-main', 'asyncio_0', 'asyncio_1', 'cam-useeplus-decode', 'camera-_useeplus']
2026-07-07 15:13:59.583 [DEBUG   ] [ThreadWatchdog tid=7052] Watchdog snapshot: 9 alive — ['DebugMonitor', 'MainThread', 'Thread-3 (robot_state_routine_thread)', 'ThreadWatchdog', 'app-main', 'asyncio_0', 'asyncio_1', 'cam-useeplus-decode', 'camera-_useeplus']
2026-07-07 15:14:01.583 [DEBUG   ] [ThreadWatchdog tid=7052] Watchdog snapshot: 9 alive — ['DebugMonitor', 'MainThread', 'Thread-3 (robot_state_routine_thread)', 'ThreadWatchdog', 'app-main', 'asyncio_0', 'asyncio_1', 'cam-useeplus-decode', 'camera-_useeplus']
2026-07-07 15:14:03.585 [DEBUG   ] [ThreadWatchdog tid=7052] Watchdog snapshot: 9 alive — ['DebugMonitor', 'MainThread', 'Thread-3 (robot_state_routine_thread)', 'ThreadWatchdog', 'app-main', 'asyncio_0', 'asyncio_1', 'cam-useeplus-decode', 'camera-_useeplus']
2026-07-07 15:14:05.586 [DEBUG   ] [ThreadWatchdog tid=7052] Watchdog snapshot: 9 alive — ['DebugMonitor', 'MainThread', 'Thread-3 (robot_state_routine_thread)', 'ThreadWatchdog', 'app-main', 'asyncio_0', 'asyncio_1', 'cam-useeplus-decode', 'camera-_useeplus']
2026-07-07 15:14:07.587 [DEBUG   ] [ThreadWatchdog tid=7052] Watchdog snapshot: 9 alive — ['DebugMonitor', 'MainThread', 'Thread-3 (robot_state_routine_thread)', 'ThreadWatchdog', 'app-main', 'asyncio_0', 'asyncio_1', 'cam-useeplus-decode', 'camera-_useeplus']
2026-07-07 15:14:09.589 [DEBUG   ] [ThreadWatchdog tid=7052] Watchdog snapshot: 9 alive — ['DebugMonitor', 'MainThread', 'Thread-3 (robot_state_routine_thread)', 'ThreadWatchdog', 'app-main', 'asyncio_0', 'asyncio_1', 'cam-useeplus-decode', 'camera-_useeplus']
2026-07-07 15:14:11.590 [DEBUG   ] [ThreadWatchdog tid=7052] Watchdog snapshot: 9 alive — ['DebugMonitor', 'MainThread', 'Thread-3 (robot_state_routine_thread)', 'ThreadWatchdog', 'app-main', 'asyncio_0', 'asyncio_1', 'cam-useeplus-decode', 'camera-_useeplus']
2026-07-07 15:14:13.591 [DEBUG   ] [ThreadWatchdog tid=7052] Watchdog snapshot: 9 alive — ['DebugMonitor', 'MainThread', 'Thread-3 (robot_state_routine_thread)', 'ThreadWatchdog', 'app-main', 'asyncio_0', 'asyncio_1', 'cam-useeplus-decode', 'camera-_useeplus']
2026-07-07 15:14:15.593 [DEBUG   ] [ThreadWatchdog tid=7052] Watchdog snapshot: 9 alive — ['DebugMonitor', 'MainThread', 'Thread-3 (robot_state_routine_thread)', 'ThreadWatchdog', 'app-main', 'asyncio_0', 'asyncio_1', 'cam-useeplus-decode', 'camera-_useeplus']
2026-07-07 15:14:17.595 [DEBUG   ] [ThreadWatchdog tid=7052] Watchdog snapshot: 9 alive — ['DebugMonitor', 'MainThread', 'Thread-3 (robot_state_routine_thread)', 'ThreadWatchdog', 'app-main', 'asyncio_0', 'asyncio_1', 'cam-useeplus-decode', 'camera-_useeplus']
2026-07-07 15:14:19.597 [DEBUG   ] [ThreadWatchdog tid=7052] Watchdog snapshot: 9 alive — ['DebugMonitor', 'MainThread', 'Thread-3 (robot_state_routine_thread)', 'ThreadWatchdog', 'app-main', 'asyncio_0', 'asyncio_1', 'cam-useeplus-decode', 'camera-_useeplus']
2026-07-07 15:14:21.599 [DEBUG   ] [ThreadWatchdog tid=7052] Watchdog snapshot: 9 alive — ['DebugMonitor', 'MainThread', 'Thread-3 (robot_state_routine_thread)', 'ThreadWatchdog', 'app-main', 'asyncio_0', 'asyncio_1', 'cam-useeplus-decode', 'camera-_useeplus']
2026-07-07 15:14:23.599 [DEBUG   ] [ThreadWatchdog tid=7052] Watchdog snapshot: 9 alive — ['DebugMonitor', 'MainThread', 'Thread-3 (robot_state_routine_thread)', 'ThreadWatchdog', 'app-main', 'asyncio_0', 'asyncio_1', 'cam-useeplus-decode', 'camera-_useeplus']
2026-07-07 15:14:25.600 [DEBUG   ] [ThreadWatchdog tid=7052] Watchdog snapshot: 9 alive — ['DebugMonitor', 'MainThread', 'Thread-3 (robot_state_routine_thread)', 'ThreadWatchdog', 'app-main', 'asyncio_0', 'asyncio_1', 'cam-useeplus-decode', 'camera-_useeplus']
2026-07-07 15:14:27.602 [DEBUG   ] [ThreadWatchdog tid=7052] Watchdog snapshot: 9 alive — ['DebugMonitor', 'MainThread', 'Thread-3 (robot_state_routine_thread)', 'ThreadWatchdog', 'app-main', 'asyncio_0', 'asyncio_1', 'cam-useeplus-decode', 'camera-_useeplus']
2026-07-07 15:14:29.604 [DEBUG   ] [ThreadWatchdog tid=7052] Watchdog snapshot: 9 alive — ['DebugMonitor', 'MainThread', 'Thread-3 (robot_state_routine_thread)', 'ThreadWatchdog', 'app-main', 'asyncio_0', 'asyncio_1', 'cam-useeplus-decode', 'camera-_useeplus']
2026-07-07 15:14:31.608 [DEBUG   ] [ThreadWatchdog tid=7052] Watchdog snapshot: 9 alive — ['DebugMonitor', 'MainThread', 'Thread-3 (robot_state_routine_thread)', 'ThreadWatchdog', 'app-main', 'asyncio_0', 'asyncio_1', 'cam-useeplus-decode', 'camera-_useeplus']
2026-07-07 15:14:33.609 [DEBUG   ] [ThreadWatchdog tid=7052] Watchdog snapshot: 9 alive — ['DebugMonitor', 'MainThread', 'Thread-3 (robot_state_routine_thread)', 'ThreadWatchdog', 'app-main', 'asyncio_0', 'asyncio_1', 'cam-useeplus-decode', 'camera-_useeplus']
2026-07-07 15:14:35.613 [DEBUG   ] [ThreadWatchdog tid=7052] Watchdog snapshot: 9 alive — ['DebugMonitor', 'MainThread', 'Thread-3 (robot_state_routine_thread)', 'ThreadWatchdog', 'app-main', 'asyncio_0', 'asyncio_1', 'cam-useeplus-decode', 'camera-_useeplus']
2026-07-07 15:14:37.613 [DEBUG   ] [ThreadWatchdog tid=7052] Watchdog snapshot: 9 alive — ['DebugMonitor', 'MainThread', 'Thread-3 (robot_state_routine_thread)', 'ThreadWatchdog', 'app-main', 'asyncio_0', 'asyncio_1', 'cam-useeplus-decode', 'camera-_useeplus']
2026-07-07 15:14:39.615 [DEBUG   ] [ThreadWatchdog tid=7052] Watchdog snapshot: 9 alive — ['DebugMonitor', 'MainThread', 'Thread-3 (robot_state_routine_thread)', 'ThreadWatchdog', 'app-main', 'asyncio_0', 'asyncio_1', 'cam-useeplus-decode', 'camera-_useeplus']
2026-07-07 15:14:41.616 [DEBUG   ] [ThreadWatchdog tid=7052] Watchdog snapshot: 9 alive — ['DebugMonitor', 'MainThread', 'Thread-3 (robot_state_routine_thread)', 'ThreadWatchdog', 'app-main', 'asyncio_0', 'asyncio_1', 'cam-useeplus-decode', 'camera-_useeplus']
2026-07-07 15:14:43.617 [DEBUG   ] [ThreadWatchdog tid=7052] Watchdog snapshot: 9 alive — ['DebugMonitor', 'MainThread', 'Thread-3 (robot_state_routine_thread)', 'ThreadWatchdog', 'app-main', 'asyncio_0', 'asyncio_1', 'cam-useeplus-decode', 'camera-_useeplus']
2026-07-07 15:14:45.618 [DEBUG   ] [ThreadWatchdog tid=7052] Watchdog snapshot: 9 alive — ['DebugMonitor', 'MainThread', 'Thread-3 (robot_state_routine_thread)', 'ThreadWatchdog', 'app-main', 'asyncio_0', 'asyncio_1', 'cam-useeplus-decode', 'camera-_useeplus']
2026-07-07 15:14:47.620 [DEBUG   ] [ThreadWatchdog tid=7052] Watchdog snapshot: 9 alive — ['DebugMonitor', 'MainThread', 'Thread-3 (robot_state_routine_thread)', 'ThreadWatchdog', 'app-main', 'asyncio_0', 'asyncio_1', 'cam-useeplus-decode', 'camera-_useeplus']
2026-07-07 15:14:49.621 [DEBUG   ] [ThreadWatchdog tid=7052] Watchdog snapshot: 9 alive — ['DebugMonitor', 'MainThread', 'Thread-3 (robot_state_routine_thread)', 'ThreadWatchdog', 'app-main', 'asyncio_0', 'asyncio_1', 'cam-useeplus-decode', 'camera-_useeplus']
2026-07-07 15:14:51.622 [DEBUG   ] [ThreadWatchdog tid=7052] Watchdog snapshot: 9 alive — ['DebugMonitor', 'MainThread', 'Thread-3 (robot_state_routine_thread)', 'ThreadWatchdog', 'app-main', 'asyncio_0', 'asyncio_1', 'cam-useeplus-decode', 'camera-_useeplus']
2026-07-07 15:14:53.624 [DEBUG   ] [ThreadWatchdog tid=7052] Watchdog snapshot: 9 alive — ['DebugMonitor', 'MainThread', 'Thread-3 (robot_state_routine_thread)', 'ThreadWatchdog', 'app-main', 'asyncio_0', 'asyncio_1', 'cam-useeplus-decode', 'camera-_useeplus']
2026-07-07 15:14:55.627 [DEBUG   ] [ThreadWatchdog tid=7052] Watchdog snapshot: 9 alive — ['DebugMonitor', 'MainThread', 'Thread-3 (robot_state_routine_thread)', 'ThreadWatchdog', 'app-main', 'asyncio_0', 'asyncio_1', 'cam-useeplus-decode', 'camera-_useeplus']
2026-07-07 15:14:57.630 [DEBUG   ] [ThreadWatchdog tid=7052] Watchdog snapshot: 9 alive — ['DebugMonitor', 'MainThread', 'Thread-3 (robot_state_routine_thread)', 'ThreadWatchdog', 'app-main', 'asyncio_0', 'asyncio_1', 'cam-useeplus-decode', 'camera-_useeplus']
2026-07-07 15:14:59.631 [DEBUG   ] [ThreadWatchdog tid=7052] Watchdog snapshot: 9 alive — ['DebugMonitor', 'MainThread', 'Thread-3 (robot_state_routine_thread)', 'ThreadWatchdog', 'app-main', 'asyncio_0', 'asyncio_1', 'cam-useeplus-decode', 'camera-_useeplus']
2026-07-07 15:15:01.632 [DEBUG   ] [ThreadWatchdog tid=7052] Watchdog snapshot: 9 alive — ['DebugMonitor', 'MainThread', 'Thread-3 (robot_state_routine_thread)', 'ThreadWatchdog', 'app-main', 'asyncio_0', 'asyncio_1', 'cam-useeplus-decode', 'camera-_useeplus']
2026-07-07 15:15:03.633 [DEBUG   ] [ThreadWatchdog tid=7052] Watchdog snapshot: 9 alive — ['DebugMonitor', 'MainThread', 'Thread-3 (robot_state_routine_thread)', 'ThreadWatchdog', 'app-main', 'asyncio_0', 'asyncio_1', 'cam-useeplus-decode', 'camera-_useeplus']
2026-07-07 15:15:05.634 [DEBUG   ] [ThreadWatchdog tid=7052] Watchdog snapshot: 9 alive — ['DebugMonitor', 'MainThread', 'Thread-3 (robot_state_routine_thread)', 'ThreadWatchdog', 'app-main', 'asyncio_0', 'asyncio_1', 'cam-useeplus-decode', 'camera-_useeplus']
2026-07-07 15:15:07.636 [DEBUG   ] [ThreadWatchdog tid=7052] Watchdog snapshot: 9 alive — ['DebugMonitor', 'MainThread', 'Thread-3 (robot_state_routine_thread)', 'ThreadWatchdog', 'app-main', 'asyncio_0', 'asyncio_1', 'cam-useeplus-decode', 'camera-_useeplus']
2026-07-07 15:15:09.637 [DEBUG   ] [ThreadWatchdog tid=7052] Watchdog snapshot: 9 alive — ['DebugMonitor', 'MainThread', 'Thread-3 (robot_state_routine_thread)', 'ThreadWatchdog', 'app-main', 'asyncio_0', 'asyncio_1', 'cam-useeplus-decode', 'camera-_useeplus']
2026-07-07 15:15:11.638 [DEBUG   ] [ThreadWatchdog tid=7052] Watchdog snapshot: 9 alive — ['DebugMonitor', 'MainThread', 'Thread-3 (robot_state_routine_thread)', 'ThreadWatchdog', 'app-main', 'asyncio_0', 'asyncio_1', 'cam-useeplus-decode', 'camera-_useeplus']
2026-07-07 15:15:13.640 [DEBUG   ] [ThreadWatchdog tid=7052] Watchdog snapshot: 9 alive — ['DebugMonitor', 'MainThread', 'Thread-3 (robot_state_routine_thread)', 'ThreadWatchdog', 'app-main', 'asyncio_0', 'asyncio_1', 'cam-useeplus-decode', 'camera-_useeplus']
2026-07-07 15:15:15.645 [DEBUG   ] [ThreadWatchdog tid=7052] Watchdog snapshot: 9 alive — ['DebugMonitor', 'MainThread', 'Thread-3 (robot_state_routine_thread)', 'ThreadWatchdog', 'app-main', 'asyncio_0', 'asyncio_1', 'cam-useeplus-decode', 'camera-_useeplus']
2026-07-07 15:15:17.647 [DEBUG   ] [ThreadWatchdog tid=7052] Watchdog snapshot: 9 alive — ['DebugMonitor', 'MainThread', 'Thread-3 (robot_state_routine_thread)', 'ThreadWatchdog', 'app-main', 'asyncio_0', 'asyncio_1', 'cam-useeplus-decode', 'camera-_useeplus']
2026-07-07 15:15:19.649 [DEBUG   ] [ThreadWatchdog tid=7052] Watchdog snapshot: 9 alive — ['DebugMonitor', 'MainThread', 'Thread-3 (robot_state_routine_thread)', 'ThreadWatchdog', 'app-main', 'asyncio_0', 'asyncio_1', 'cam-useeplus-decode', 'camera-_useeplus']
2026-07-07 15:15:21.651 [DEBUG   ] [ThreadWatchdog tid=7052] Watchdog snapshot: 9 alive — ['DebugMonitor', 'MainThread', 'Thread-3 (robot_state_routine_thread)', 'ThreadWatchdog', 'app-main', 'asyncio_0', 'asyncio_1', 'cam-useeplus-decode', 'camera-_useeplus']
2026-07-07 15:15:23.652 [DEBUG   ] [ThreadWatchdog tid=7052] Watchdog snapshot: 9 alive — ['DebugMonitor', 'MainThread', 'Thread-3 (robot_state_routine_thread)', 'ThreadWatchdog', 'app-main', 'asyncio_0', 'asyncio_1', 'cam-useeplus-decode', 'camera-_useeplus']
2026-07-07 15:15:25.654 [DEBUG   ] [ThreadWatchdog tid=7052] Watchdog snapshot: 9 alive — ['DebugMonitor', 'MainThread', 'Thread-3 (robot_state_routine_thread)', 'ThreadWatchdog', 'app-main', 'asyncio_0', 'asyncio_1', 'cam-useeplus-decode', 'camera-_useeplus']
2026-07-07 15:15:27.655 [DEBUG   ] [ThreadWatchdog tid=7052] Watchdog snapshot: 9 alive — ['DebugMonitor', 'MainThread', 'Thread-3 (robot_state_routine_thread)', 'ThreadWatchdog', 'app-main', 'asyncio_0', 'asyncio_1', 'cam-useeplus-decode', 'camera-_useeplus']
2026-07-07 15:15:29.658 [DEBUG   ] [ThreadWatchdog tid=7052] Watchdog snapshot: 9 alive — ['DebugMonitor', 'MainThread', 'Thread-3 (robot_state_routine_thread)', 'ThreadWatchdog', 'app-main', 'asyncio_0', 'asyncio_1', 'cam-useeplus-decode', 'camera-_useeplus']
2026-07-07 15:15:31.659 [DEBUG   ] [ThreadWatchdog tid=7052] Watchdog snapshot: 9 alive — ['DebugMonitor', 'MainThread', 'Thread-3 (robot_state_routine_thread)', 'ThreadWatchdog', 'app-main', 'asyncio_0', 'asyncio_1', 'cam-useeplus-decode', 'camera-_useeplus']
2026-07-07 15:15:33.661 [DEBUG   ] [ThreadWatchdog tid=7052] Watchdog snapshot: 9 alive — ['DebugMonitor', 'MainThread', 'Thread-3 (robot_state_routine_thread)', 'ThreadWatchdog', 'app-main', 'asyncio_0', 'asyncio_1', 'cam-useeplus-decode', 'camera-_useeplus']
2026-07-07 15:15:35.663 [DEBUG   ] [ThreadWatchdog tid=7052] Watchdog snapshot: 9 alive — ['DebugMonitor', 'MainThread', 'Thread-3 (robot_state_routine_thread)', 'ThreadWatchdog', 'app-main', 'asyncio_0', 'asyncio_1', 'cam-useeplus-decode', 'camera-_useeplus']
2026-07-07 15:15:37.664 [DEBUG   ] [ThreadWatchdog tid=7052] Watchdog snapshot: 9 alive — ['DebugMonitor', 'MainThread', 'Thread-3 (robot_state_routine_thread)', 'ThreadWatchdog', 'app-main', 'asyncio_0', 'asyncio_1', 'cam-useeplus-decode', 'camera-_useeplus']
2026-07-07 15:15:39.665 [DEBUG   ] [ThreadWatchdog tid=7052] Watchdog snapshot: 9 alive — ['DebugMonitor', 'MainThread', 'Thread-3 (robot_state_routine_thread)', 'ThreadWatchdog', 'app-main', 'asyncio_0', 'asyncio_1', 'cam-useeplus-decode', 'camera-_useeplus']
2026-07-07 15:15:41.667 [DEBUG   ] [ThreadWatchdog tid=7052] Watchdog snapshot: 9 alive — ['DebugMonitor', 'MainThread', 'Thread-3 (robot_state_routine_thread)', 'ThreadWatchdog', 'app-main', 'asyncio_0', 'asyncio_1', 'cam-useeplus-decode', 'camera-_useeplus']
2026-07-07 15:15:43.668 [DEBUG   ] [ThreadWatchdog tid=7052] Watchdog snapshot: 9 alive — ['DebugMonitor', 'MainThread', 'Thread-3 (robot_state_routine_thread)', 'ThreadWatchdog', 'app-main', 'asyncio_0', 'asyncio_1', 'cam-useeplus-decode', 'camera-_useeplus']
2026-07-07 15:15:45.669 [DEBUG   ] [ThreadWatchdog tid=7052] Watchdog snapshot: 9 alive — ['DebugMonitor', 'MainThread', 'Thread-3 (robot_state_routine_thread)', 'ThreadWatchdog', 'app-main', 'asyncio_0', 'asyncio_1', 'cam-useeplus-decode', 'camera-_useeplus']
2026-07-07 15:15:47.674 [DEBUG   ] [ThreadWatchdog tid=7052] Watchdog snapshot: 9 alive — ['DebugMonitor', 'MainThread', 'Thread-3 (robot_state_routine_thread)', 'ThreadWatchdog', 'app-main', 'asyncio_0', 'asyncio_1', 'cam-useeplus-decode', 'camera-_useeplus']
2026-07-07 15:15:49.685 [DEBUG   ] [ThreadWatchdog tid=7052] Watchdog snapshot: 9 alive — ['DebugMonitor', 'MainThread', 'Thread-3 (robot_state_routine_thread)', 'ThreadWatchdog', 'app-main', 'asyncio_0', 'asyncio_1', 'cam-useeplus-decode', 'camera-_useeplus']
2026-07-07 15:15:51.687 [DEBUG   ] [ThreadWatchdog tid=7052] Watchdog snapshot: 9 alive — ['DebugMonitor', 'MainThread', 'Thread-3 (robot_state_routine_thread)', 'ThreadWatchdog', 'app-main', 'asyncio_0', 'asyncio_1', 'cam-useeplus-decode', 'camera-_useeplus']
2026-07-07 15:15:53.694 [DEBUG   ] [ThreadWatchdog tid=7052] Watchdog snapshot: 9 alive — ['DebugMonitor', 'MainThread', 'Thread-3 (robot_state_routine_thread)', 'ThreadWatchdog', 'app-main', 'asyncio_0', 'asyncio_1', 'cam-useeplus-decode', 'camera-_useeplus']
2026-07-07 15:15:55.696 [DEBUG   ] [ThreadWatchdog tid=7052] Watchdog snapshot: 9 alive — ['DebugMonitor', 'MainThread', 'Thread-3 (robot_state_routine_thread)', 'ThreadWatchdog', 'app-main', 'asyncio_0', 'asyncio_1', 'cam-useeplus-decode', 'camera-_useeplus']
2026-07-07 15:15:57.699 [DEBUG   ] [ThreadWatchdog tid=7052] Watchdog snapshot: 9 alive — ['DebugMonitor', 'MainThread', 'Thread-3 (robot_state_routine_thread)', 'ThreadWatchdog', 'app-main', 'asyncio_0', 'asyncio_1', 'cam-useeplus-decode', 'camera-_useeplus']
2026-07-07 15:15:59.700 [DEBUG   ] [ThreadWatchdog tid=7052] Watchdog snapshot: 9 alive — ['DebugMonitor', 'MainThread', 'Thread-3 (robot_state_routine_thread)', 'ThreadWatchdog', 'app-main', 'asyncio_0', 'asyncio_1', 'cam-useeplus-decode', 'camera-_useeplus']
2026-07-07 15:16:01.701 [DEBUG   ] [ThreadWatchdog tid=7052] Watchdog snapshot: 9 alive — ['DebugMonitor', 'MainThread', 'Thread-3 (robot_state_routine_thread)', 'ThreadWatchdog', 'app-main', 'asyncio_0', 'asyncio_1', 'cam-useeplus-decode', 'camera-_useeplus']
2026-07-07 15:16:03.703 [DEBUG   ] [ThreadWatchdog tid=7052] Watchdog snapshot: 9 alive — ['DebugMonitor', 'MainThread', 'Thread-3 (robot_state_routine_thread)', 'ThreadWatchdog', 'app-main', 'asyncio_0', 'asyncio_1', 'cam-useeplus-decode', 'camera-_useeplus']
2026-07-07 15:16:05.704 [DEBUG   ] [ThreadWatchdog tid=7052] Watchdog snapshot: 9 alive — ['DebugMonitor', 'MainThread', 'Thread-3 (robot_state_routine_thread)', 'ThreadWatchdog', 'app-main', 'asyncio_0', 'asyncio_1', 'cam-useeplus-decode', 'camera-_useeplus']
2026-07-07 15:16:07.706 [DEBUG   ] [ThreadWatchdog tid=7052] Watchdog snapshot: 9 alive — ['DebugMonitor', 'MainThread', 'Thread-3 (robot_state_routine_thread)', 'ThreadWatchdog', 'app-main', 'asyncio_0', 'asyncio_1', 'cam-useeplus-decode', 'camera-_useeplus']
2026-07-07 15:16:09.708 [DEBUG   ] [ThreadWatchdog tid=7052] Watchdog snapshot: 9 alive — ['DebugMonitor', 'MainThread', 'Thread-3 (robot_state_routine_thread)', 'ThreadWatchdog', 'app-main', 'asyncio_0', 'asyncio_1', 'cam-useeplus-decode', 'camera-_useeplus']
2026-07-07 15:16:11.710 [DEBUG   ] [ThreadWatchdog tid=7052] Watchdog snapshot: 9 alive — ['DebugMonitor', 'MainThread', 'Thread-3 (robot_state_routine_thread)', 'ThreadWatchdog', 'app-main', 'asyncio_0', 'asyncio_1', 'cam-useeplus-decode', 'camera-_useeplus']
2026-07-07 15:16:13.710 [DEBUG   ] [ThreadWatchdog tid=7052] Watchdog snapshot: 9 alive — ['DebugMonitor', 'MainThread', 'Thread-3 (robot_state_routine_thread)', 'ThreadWatchdog', 'app-main', 'asyncio_0', 'asyncio_1', 'cam-useeplus-decode', 'camera-_useeplus']
2026-07-07 15:16:15.712 [DEBUG   ] [ThreadWatchdog tid=7052] Watchdog snapshot: 9 alive — ['DebugMonitor', 'MainThread', 'Thread-3 (robot_state_routine_thread)', 'ThreadWatchdog', 'app-main', 'asyncio_0', 'asyncio_1', 'cam-useeplus-decode', 'camera-_useeplus']
2026-07-07 15:16:17.713 [DEBUG   ] [ThreadWatchdog tid=7052] Watchdog snapshot: 9 alive — ['DebugMonitor', 'MainThread', 'Thread-3 (robot_state_routine_thread)', 'ThreadWatchdog', 'app-main', 'asyncio_0', 'asyncio_1', 'cam-useeplus-decode', 'camera-_useeplus']
2026-07-07 15:16:19.715 [DEBUG   ] [ThreadWatchdog tid=7052] Watchdog snapshot: 9 alive — ['DebugMonitor', 'MainThread', 'Thread-3 (robot_state_routine_thread)', 'ThreadWatchdog', 'app-main', 'asyncio_0', 'asyncio_1', 'cam-useeplus-decode', 'camera-_useeplus']
2026-07-07 15:16:21.716 [DEBUG   ] [ThreadWatchdog tid=7052] Watchdog snapshot: 9 alive — ['DebugMonitor', 'MainThread', 'Thread-3 (robot_state_routine_thread)', 'ThreadWatchdog', 'app-main', 'asyncio_0', 'asyncio_1', 'cam-useeplus-decode', 'camera-_useeplus']
2026-07-07 15:16:23.717 [DEBUG   ] [ThreadWatchdog tid=7052] Watchdog snapshot: 9 alive — ['DebugMonitor', 'MainThread', 'Thread-3 (robot_state_routine_thread)', 'ThreadWatchdog', 'app-main', 'asyncio_0', 'asyncio_1', 'cam-useeplus-decode', 'camera-_useeplus']
2026-07-07 15:16:25.719 [DEBUG   ] [ThreadWatchdog tid=7052] Watchdog snapshot: 9 alive — ['DebugMonitor', 'MainThread', 'Thread-3 (robot_state_routine_thread)', 'ThreadWatchdog', 'app-main', 'asyncio_0', 'asyncio_1', 'cam-useeplus-decode', 'camera-_useeplus']
2026-07-07 15:16:27.721 [DEBUG   ] [ThreadWatchdog tid=7052] Watchdog snapshot: 9 alive — ['DebugMonitor', 'MainThread', 'Thread-3 (robot_state_routine_thread)', 'ThreadWatchdog', 'app-main', 'asyncio_0', 'asyncio_1', 'cam-useeplus-decode', 'camera-_useeplus']
2026-07-07 15:16:29.722 [DEBUG   ] [ThreadWatchdog tid=7052] Watchdog snapshot: 9 alive — ['DebugMonitor', 'MainThread', 'Thread-3 (robot_state_routine_thread)', 'ThreadWatchdog', 'app-main', 'asyncio_0', 'asyncio_1', 'cam-useeplus-decode', 'camera-_useeplus']
2026-07-07 15:16:31.723 [DEBUG   ] [ThreadWatchdog tid=7052] Watchdog snapshot: 9 alive — ['DebugMonitor', 'MainThread', 'Thread-3 (robot_state_routine_thread)', 'ThreadWatchdog', 'app-main', 'asyncio_0', 'asyncio_1', 'cam-useeplus-decode', 'camera-_useeplus']
2026-07-07 15:16:33.726 [DEBUG   ] [ThreadWatchdog tid=7052] Watchdog snapshot: 9 alive — ['DebugMonitor', 'MainThread', 'Thread-3 (robot_state_routine_thread)', 'ThreadWatchdog', 'app-main', 'asyncio_0', 'asyncio_1', 'cam-useeplus-decode', 'camera-_useeplus']
2026-07-07 15:16:35.727 [DEBUG   ] [ThreadWatchdog tid=7052] Watchdog snapshot: 9 alive — ['DebugMonitor', 'MainThread', 'Thread-3 (robot_state_routine_thread)', 'ThreadWatchdog', 'app-main', 'asyncio_0', 'asyncio_1', 'cam-useeplus-decode', 'camera-_useeplus']
2026-07-07 15:16:37.728 [DEBUG   ] [ThreadWatchdog tid=7052] Watchdog snapshot: 9 alive — ['DebugMonitor', 'MainThread', 'Thread-3 (robot_state_routine_thread)', 'ThreadWatchdog', 'app-main', 'asyncio_0', 'asyncio_1', 'cam-useeplus-decode', 'camera-_useeplus']
2026-07-07 15:16:39.729 [DEBUG   ] [ThreadWatchdog tid=7052] Watchdog snapshot: 9 alive — ['DebugMonitor', 'MainThread', 'Thread-3 (robot_state_routine_thread)', 'ThreadWatchdog', 'app-main', 'asyncio_0', 'asyncio_1', 'cam-useeplus-decode', 'camera-_useeplus']
2026-07-07 15:16:41.731 [DEBUG   ] [ThreadWatchdog tid=7052] Watchdog snapshot: 9 alive — ['DebugMonitor', 'MainThread', 'Thread-3 (robot_state_routine_thread)', 'ThreadWatchdog', 'app-main', 'asyncio_0', 'asyncio_1', 'cam-useeplus-decode', 'camera-_useeplus']
2026-07-07 15:16:43.731 [DEBUG   ] [ThreadWatchdog tid=7052] Watchdog snapshot: 9 alive — ['DebugMonitor', 'MainThread', 'Thread-3 (robot_state_routine_thread)', 'ThreadWatchdog', 'app-main', 'asyncio_0', 'asyncio_1', 'cam-useeplus-decode', 'camera-_useeplus']
2026-07-07 15:16:45.733 [DEBUG   ] [ThreadWatchdog tid=7052] Watchdog snapshot: 9 alive — ['DebugMonitor', 'MainThread', 'Thread-3 (robot_state_routine_thread)', 'ThreadWatchdog', 'app-main', 'asyncio_0', 'asyncio_1', 'cam-useeplus-decode', 'camera-_useeplus']
2026-07-07 15:16:47.733 [DEBUG   ] [ThreadWatchdog tid=7052] Watchdog snapshot: 9 alive — ['DebugMonitor', 'MainThread', 'Thread-3 (robot_state_routine_thread)', 'ThreadWatchdog', 'app-main', 'asyncio_0', 'asyncio_1', 'cam-useeplus-decode', 'camera-_useeplus']
2026-07-07 15:16:49.735 [DEBUG   ] [ThreadWatchdog tid=7052] Watchdog snapshot: 9 alive — ['DebugMonitor', 'MainThread', 'Thread-3 (robot_state_routine_thread)', 'ThreadWatchdog', 'app-main', 'asyncio_0', 'asyncio_1', 'cam-useeplus-decode', 'camera-_useeplus']
2026-07-07 15:16:51.736 [DEBUG   ] [ThreadWatchdog tid=7052] Watchdog snapshot: 9 alive — ['DebugMonitor', 'MainThread', 'Thread-3 (robot_state_routine_thread)', 'ThreadWatchdog', 'app-main', 'asyncio_0', 'asyncio_1', 'cam-useeplus-decode', 'camera-_useeplus']
2026-07-07 15:16:53.737 [DEBUG   ] [ThreadWatchdog tid=7052] Watchdog snapshot: 9 alive — ['DebugMonitor', 'MainThread', 'Thread-3 (robot_state_routine_thread)', 'ThreadWatchdog', 'app-main', 'asyncio_0', 'asyncio_1', 'cam-useeplus-decode', 'camera-_useeplus']
2026-07-07 15:16:55.740 [DEBUG   ] [ThreadWatchdog tid=7052] Watchdog snapshot: 9 alive — ['DebugMonitor', 'MainThread', 'Thread-3 (robot_state_routine_thread)', 'ThreadWatchdog', 'app-main', 'asyncio_0', 'asyncio_1', 'cam-useeplus-decode', 'camera-_useeplus']
2026-07-07 15:16:57.741 [DEBUG   ] [ThreadWatchdog tid=7052] Watchdog snapshot: 9 alive — ['DebugMonitor', 'MainThread', 'Thread-3 (robot_state_routine_thread)', 'ThreadWatchdog', 'app-main', 'asyncio_0', 'asyncio_1', 'cam-useeplus-decode', 'camera-_useeplus']
2026-07-07 15:16:59.742 [DEBUG   ] [ThreadWatchdog tid=7052] Watchdog snapshot: 9 alive — ['DebugMonitor', 'MainThread', 'Thread-3 (robot_state_routine_thread)', 'ThreadWatchdog', 'app-main', 'asyncio_0', 'asyncio_1', 'cam-useeplus-decode', 'camera-_useeplus']
2026-07-07 15:17:01.745 [DEBUG   ] [ThreadWatchdog tid=7052] Watchdog snapshot: 9 alive — ['DebugMonitor', 'MainThread', 'Thread-3 (robot_state_routine_thread)', 'ThreadWatchdog', 'app-main', 'asyncio_0', 'asyncio_1', 'cam-useeplus-decode', 'camera-_useeplus']
2026-07-07 15:17:03.746 [DEBUG   ] [ThreadWatchdog tid=7052] Watchdog snapshot: 9 alive — ['DebugMonitor', 'MainThread', 'Thread-3 (robot_state_routine_thread)', 'ThreadWatchdog', 'app-main', 'asyncio_0', 'asyncio_1', 'cam-useeplus-decode', 'camera-_useeplus']
2026-07-07 15:17:05.748 [DEBUG   ] [ThreadWatchdog tid=7052] Watchdog snapshot: 9 alive — ['DebugMonitor', 'MainThread', 'Thread-3 (robot_state_routine_thread)', 'ThreadWatchdog', 'app-main', 'asyncio_0', 'asyncio_1', 'cam-useeplus-decode', 'camera-_useeplus']
2026-07-07 15:17:07.750 [DEBUG   ] [ThreadWatchdog tid=7052] Watchdog snapshot: 9 alive — ['DebugMonitor', 'MainThread', 'Thread-3 (robot_state_routine_thread)', 'ThreadWatchdog', 'app-main', 'asyncio_0', 'asyncio_1', 'cam-useeplus-decode', 'camera-_useeplus']
2026-07-07 15:17:09.752 [DEBUG   ] [ThreadWatchdog tid=7052] Watchdog snapshot: 9 alive — ['DebugMonitor', 'MainThread', 'Thread-3 (robot_state_routine_thread)', 'ThreadWatchdog', 'app-main', 'asyncio_0', 'asyncio_1', 'cam-useeplus-decode', 'camera-_useeplus']
2026-07-07 15:17:11.753 [DEBUG   ] [ThreadWatchdog tid=7052] Watchdog snapshot: 9 alive — ['DebugMonitor', 'MainThread', 'Thread-3 (robot_state_routine_thread)', 'ThreadWatchdog', 'app-main', 'asyncio_0', 'asyncio_1', 'cam-useeplus-decode', 'camera-_useeplus']
2026-07-07 15:17:13.753 [DEBUG   ] [ThreadWatchdog tid=7052] Watchdog snapshot: 9 alive — ['DebugMonitor', 'MainThread', 'Thread-3 (robot_state_routine_thread)', 'ThreadWatchdog', 'app-main', 'asyncio_0', 'asyncio_1', 'cam-useeplus-decode', 'camera-_useeplus']
2026-07-07 15:17:15.755 [DEBUG   ] [ThreadWatchdog tid=7052] Watchdog snapshot: 9 alive — ['DebugMonitor', 'MainThread', 'Thread-3 (robot_state_routine_thread)', 'ThreadWatchdog', 'app-main', 'asyncio_0', 'asyncio_1', 'cam-useeplus-decode', 'camera-_useeplus']
2026-07-07 15:17:17.756 [DEBUG   ] [ThreadWatchdog tid=7052] Watchdog snapshot: 9 alive — ['DebugMonitor', 'MainThread', 'Thread-3 (robot_state_routine_thread)', 'ThreadWatchdog', 'app-main', 'asyncio_0', 'asyncio_1', 'cam-useeplus-decode', 'camera-_useeplus']
2026-07-07 15:17:19.759 [DEBUG   ] [ThreadWatchdog tid=7052] Watchdog snapshot: 9 alive — ['DebugMonitor', 'MainThread', 'Thread-3 (robot_state_routine_thread)', 'ThreadWatchdog', 'app-main', 'asyncio_0', 'asyncio_1', 'cam-useeplus-decode', 'camera-_useeplus']
2026-07-07 15:17:21.760 [DEBUG   ] [ThreadWatchdog tid=7052] Watchdog snapshot: 9 alive — ['DebugMonitor', 'MainThread', 'Thread-3 (robot_state_routine_thread)', 'ThreadWatchdog', 'app-main', 'asyncio_0', 'asyncio_1', 'cam-useeplus-decode', 'camera-_useeplus']
2026-07-07 15:17:23.761 [DEBUG   ] [ThreadWatchdog tid=7052] Watchdog snapshot: 9 alive — ['DebugMonitor', 'MainThread', 'Thread-3 (robot_state_routine_thread)', 'ThreadWatchdog', 'app-main', 'asyncio_0', 'asyncio_1', 'cam-useeplus-decode', 'camera-_useeplus']
2026-07-07 15:17:25.762 [DEBUG   ] [ThreadWatchdog tid=7052] Watchdog snapshot: 9 alive — ['DebugMonitor', 'MainThread', 'Thread-3 (robot_state_routine_thread)', 'ThreadWatchdog', 'app-main', 'asyncio_0', 'asyncio_1', 'cam-useeplus-decode', 'camera-_useeplus']
2026-07-07 15:17:27.763 [DEBUG   ] [ThreadWatchdog tid=7052] Watchdog snapshot: 9 alive — ['DebugMonitor', 'MainThread', 'Thread-3 (robot_state_routine_thread)', 'ThreadWatchdog', 'app-main', 'asyncio_0', 'asyncio_1', 'cam-useeplus-decode', 'camera-_useeplus']
2026-07-07 15:17:29.765 [DEBUG   ] [ThreadWatchdog tid=7052] Watchdog snapshot: 9 alive — ['DebugMonitor', 'MainThread', 'Thread-3 (robot_state_routine_thread)', 'ThreadWatchdog', 'app-main', 'asyncio_0', 'asyncio_1', 'cam-useeplus-decode', 'camera-_useeplus']
2026-07-07 15:17:31.768 [DEBUG   ] [ThreadWatchdog tid=7052] Watchdog snapshot: 9 alive — ['DebugMonitor', 'MainThread', 'Thread-3 (robot_state_routine_thread)', 'ThreadWatchdog', 'app-main', 'asyncio_0', 'asyncio_1', 'cam-useeplus-decode', 'camera-_useeplus']
2026-07-07 15:17:33.770 [DEBUG   ] [ThreadWatchdog tid=7052] Watchdog snapshot: 9 alive — ['DebugMonitor', 'MainThread', 'Thread-3 (robot_state_routine_thread)', 'ThreadWatchdog', 'app-main', 'asyncio_0', 'asyncio_1', 'cam-useeplus-decode', 'camera-_useeplus']
2026-07-07 15:17:35.772 [DEBUG   ] [ThreadWatchdog tid=7052] Watchdog snapshot: 9 alive — ['DebugMonitor', 'MainThread', 'Thread-3 (robot_state_routine_thread)', 'ThreadWatchdog', 'app-main', 'asyncio_0', 'asyncio_1', 'cam-useeplus-decode', 'camera-_useeplus']
2026-07-07 15:17:37.773 [DEBUG   ] [ThreadWatchdog tid=7052] Watchdog snapshot: 9 alive — ['DebugMonitor', 'MainThread', 'Thread-3 (robot_state_routine_thread)', 'ThreadWatchdog', 'app-main', 'asyncio_0', 'asyncio_1', 'cam-useeplus-decode', 'camera-_useeplus']
2026-07-07 15:17:39.774 [DEBUG   ] [ThreadWatchdog tid=7052] Watchdog snapshot: 9 alive — ['DebugMonitor', 'MainThread', 'Thread-3 (robot_state_routine_thread)', 'ThreadWatchdog', 'app-main', 'asyncio_0', 'asyncio_1', 'cam-useeplus-decode', 'camera-_useeplus']
2026-07-07 15:17:41.776 [DEBUG   ] [ThreadWatchdog tid=7052] Watchdog snapshot: 9 alive — ['DebugMonitor', 'MainThread', 'Thread-3 (robot_state_routine_thread)', 'ThreadWatchdog', 'app-main', 'asyncio_0', 'asyncio_1', 'cam-useeplus-decode', 'camera-_useeplus']
2026-07-07 15:17:43.776 [DEBUG   ] [ThreadWatchdog tid=7052] Watchdog snapshot: 9 alive — ['DebugMonitor', 'MainThread', 'Thread-3 (robot_state_routine_thread)', 'ThreadWatchdog', 'app-main', 'asyncio_0', 'asyncio_1', 'cam-useeplus-decode', 'camera-_useeplus']
2026-07-07 15:17:45.783 [DEBUG   ] [ThreadWatchdog tid=7052] Watchdog snapshot: 9 alive — ['DebugMonitor', 'MainThread', 'Thread-3 (robot_state_routine_thread)', 'ThreadWatchdog', 'app-main', 'asyncio_0', 'asyncio_1', 'cam-useeplus-decode', 'camera-_useeplus']
2026-07-07 15:17:47.785 [DEBUG   ] [ThreadWatchdog tid=7052] Watchdog snapshot: 9 alive — ['DebugMonitor', 'MainThread', 'Thread-3 (robot_state_routine_thread)', 'ThreadWatchdog', 'app-main', 'asyncio_0', 'asyncio_1', 'cam-useeplus-decode', 'camera-_useeplus']
2026-07-07 15:17:49.787 [DEBUG   ] [ThreadWatchdog tid=7052] Watchdog snapshot: 9 alive — ['DebugMonitor', 'MainThread', 'Thread-3 (robot_state_routine_thread)', 'ThreadWatchdog', 'app-main', 'asyncio_0', 'asyncio_1', 'cam-useeplus-decode', 'camera-_useeplus']
2026-07-07 15:17:51.788 [DEBUG   ] [ThreadWatchdog tid=7052] Watchdog snapshot: 9 alive — ['DebugMonitor', 'MainThread', 'Thread-3 (robot_state_routine_thread)', 'ThreadWatchdog', 'app-main', 'asyncio_0', 'asyncio_1', 'cam-useeplus-decode', 'camera-_useeplus']
2026-07-07 15:17:53.789 [DEBUG   ] [ThreadWatchdog tid=7052] Watchdog snapshot: 9 alive — ['DebugMonitor', 'MainThread', 'Thread-3 (robot_state_routine_thread)', 'ThreadWatchdog', 'app-main', 'asyncio_0', 'asyncio_1', 'cam-useeplus-decode', 'camera-_useeplus']
2026-07-07 15:17:55.790 [DEBUG   ] [ThreadWatchdog tid=7052] Watchdog snapshot: 9 alive — ['DebugMonitor', 'MainThread', 'Thread-3 (robot_state_routine_thread)', 'ThreadWatchdog', 'app-main', 'asyncio_0', 'asyncio_1', 'cam-useeplus-decode', 'camera-_useeplus']
2026-07-07 15:17:57.791 [DEBUG   ] [ThreadWatchdog tid=7052] Watchdog snapshot: 9 alive — ['DebugMonitor', 'MainThread', 'Thread-3 (robot_state_routine_thread)', 'ThreadWatchdog', 'app-main', 'asyncio_0', 'asyncio_1', 'cam-useeplus-decode', 'camera-_useeplus']
2026-07-07 15:17:59.793 [DEBUG   ] [ThreadWatchdog tid=7052] Watchdog snapshot: 9 alive — ['DebugMonitor', 'MainThread', 'Thread-3 (robot_state_routine_thread)', 'ThreadWatchdog', 'app-main', 'asyncio_0', 'asyncio_1', 'cam-useeplus-decode', 'camera-_useeplus']
2026-07-07 15:19:38.542 [INFO    ] [MainThread tid=3612] ======================================================================
2026-07-07 15:19:38.542 [INFO    ] [MainThread tid=3612] Logger initialised — log file: d:\hhhhhhhhhh\fresh-new\logs\threads.log
2026-07-07 15:19:38.542 [INFO    ] [MainThread tid=3612] Python 3.12.10 on win32
2026-07-07 15:19:38.542 [INFO    ] [MainThread tid=3612] ======================================================================
2026-07-07 15:19:38.542 [INFO    ] [ThreadWatchdog tid=9964] Watchdog started — checking every 2.0s
2026-07-07 15:19:38.542 [INFO    ] [MainThread tid=3612] thread_logger setup complete ✓
2026-07-07 15:19:38.542 [DEBUG   ] [ThreadWatchdog tid=9964] Watchdog: + thread appeared 'MainThread' (daemon=False)
2026-07-07 15:19:38.542 [DEBUG   ] [ThreadWatchdog tid=9964] Watchdog: + thread appeared 'ThreadWatchdog' (daemon=True)
2026-07-07 15:19:38.542 [DEBUG   ] [ThreadWatchdog tid=9964] Watchdog: + thread appeared 'Thread-2' (daemon=False)
2026-07-07 15:19:38.542 [DEBUG   ] [ThreadWatchdog tid=9964] Watchdog snapshot: 3 alive — ['MainThread', 'Thread-2', 'ThreadWatchdog']
2026-07-07 15:19:39.068 [INFO    ] [MainThread tid=3612] === web_server: App created (STOPPED) — press Start in dashboard ===
2026-07-07 15:19:39.068 [INFO    ] [MainThread tid=3612] === web_server: listening on http://0.0.0.0:8000 ===
2026-07-07 15:19:40.551 [DEBUG   ] [ThreadWatchdog tid=9964] Watchdog: + thread appeared 'asyncio_0' (daemon=False)
2026-07-07 15:19:40.551 [DEBUG   ] [ThreadWatchdog tid=9964] Watchdog: + thread appeared 'DebugMonitor' (daemon=True)
2026-07-07 15:19:40.551 [WARNING ] [ThreadWatchdog tid=9964] Watchdog: − thread DISAPPEARED 'Thread-2' (if no FINISHED/CRASHED log above, it died silently)
2026-07-07 15:19:40.561 [DEBUG   ] [ThreadWatchdog tid=9964] Watchdog snapshot: 4 alive — ['DebugMonitor', 'MainThread', 'ThreadWatchdog', 'asyncio_0']
2026-07-07 15:19:42.571 [DEBUG   ] [ThreadWatchdog tid=9964] Watchdog snapshot: 4 alive — ['DebugMonitor', 'MainThread', 'ThreadWatchdog', 'asyncio_0']
2026-07-07 15:19:44.582 [DEBUG   ] [ThreadWatchdog tid=9964] Watchdog snapshot: 4 alive — ['DebugMonitor', 'MainThread', 'ThreadWatchdog', 'asyncio_0']
2026-07-07 15:19:44.945 [INFO    ] [app-main tid=15872] [App] _run_main started
2026-07-07 15:19:46.296 [INFO    ] [app-main tid=15872] [App] Ready — waiting for trigger DI0
2026-07-07 15:19:46.585 [DEBUG   ] [ThreadWatchdog tid=9964] Watchdog: + thread appeared 'app-main' (daemon=True)
2026-07-07 15:19:46.585 [DEBUG   ] [ThreadWatchdog tid=9964] Watchdog: + thread appeared 'Thread-3 (robot_state_routine_thread)' (daemon=True)
2026-07-07 15:19:46.585 [DEBUG   ] [ThreadWatchdog tid=9964] Watchdog: + thread appeared 'cam-useeplus-decode' (daemon=True)
2026-07-07 15:19:46.585 [DEBUG   ] [ThreadWatchdog tid=9964] Watchdog: + thread appeared 'camera-_useeplus' (daemon=True)
2026-07-07 15:19:46.585 [DEBUG   ] [ThreadWatchdog tid=9964] Watchdog snapshot: 8 alive — ['DebugMonitor', 'MainThread', 'Thread-3 (robot_state_routine_thread)', 'ThreadWatchdog', 'app-main', 'asyncio_0', 'cam-useeplus-decode', 'camera-_useeplus']
2026-07-07 15:19:48.593 [DEBUG   ] [ThreadWatchdog tid=9964] Watchdog snapshot: 8 alive — ['DebugMonitor', 'MainThread', 'Thread-3 (robot_state_routine_thread)', 'ThreadWatchdog', 'app-main', 'asyncio_0', 'cam-useeplus-decode', 'camera-_useeplus']
2026-07-07 15:19:50.595 [DEBUG   ] [ThreadWatchdog tid=9964] Watchdog snapshot: 8 alive — ['DebugMonitor', 'MainThread', 'Thread-3 (robot_state_routine_thread)', 'ThreadWatchdog', 'app-main', 'asyncio_0', 'cam-useeplus-decode', 'camera-_useeplus']
2026-07-07 15:19:52.597 [DEBUG   ] [ThreadWatchdog tid=9964] Watchdog snapshot: 8 alive — ['DebugMonitor', 'MainThread', 'Thread-3 (robot_state_routine_thread)', 'ThreadWatchdog', 'app-main', 'asyncio_0', 'cam-useeplus-decode', 'camera-_useeplus']
2026-07-07 15:19:54.598 [DEBUG   ] [ThreadWatchdog tid=9964] Watchdog snapshot: 8 alive — ['DebugMonitor', 'MainThread', 'Thread-3 (robot_state_routine_thread)', 'ThreadWatchdog', 'app-main', 'asyncio_0', 'cam-useeplus-decode', 'camera-_useeplus']
2026-07-07 15:19:56.599 [DEBUG   ] [ThreadWatchdog tid=9964] Watchdog snapshot: 8 alive — ['DebugMonitor', 'MainThread', 'Thread-3 (robot_state_routine_thread)', 'ThreadWatchdog', 'app-main', 'asyncio_0', 'cam-useeplus-decode', 'camera-_useeplus']
2026-07-07 15:19:58.601 [DEBUG   ] [ThreadWatchdog tid=9964] Watchdog snapshot: 8 alive — ['DebugMonitor', 'MainThread', 'Thread-3 (robot_state_routine_thread)', 'ThreadWatchdog', 'app-main', 'asyncio_0', 'cam-useeplus-decode', 'camera-_useeplus']
2026-07-07 15:20:00.608 [DEBUG   ] [ThreadWatchdog tid=9964] Watchdog snapshot: 8 alive — ['DebugMonitor', 'MainThread', 'Thread-3 (robot_state_routine_thread)', 'ThreadWatchdog', 'app-main', 'asyncio_0', 'cam-useeplus-decode', 'camera-_useeplus']
2026-07-07 15:20:01.876 [INFO    ] [app-main tid=15872] [App] DI0 HIGH — starting sequence
2026-07-07 15:20:02.614 [DEBUG   ] [ThreadWatchdog tid=9964] Watchdog snapshot: 8 alive — ['DebugMonitor', 'MainThread', 'Thread-3 (robot_state_routine_thread)', 'ThreadWatchdog', 'app-main', 'asyncio_0', 'cam-useeplus-decode', 'camera-_useeplus']
2026-07-07 15:20:04.616 [DEBUG   ] [ThreadWatchdog tid=9964] Watchdog: + thread appeared 'camera-barcode-scanner' (daemon=True)
2026-07-07 15:20:04.616 [DEBUG   ] [ThreadWatchdog tid=9964] Watchdog snapshot: 9 alive — ['DebugMonitor', 'MainThread', 'Thread-3 (robot_state_routine_thread)', 'ThreadWatchdog', 'app-main', 'asyncio_0', 'cam-useeplus-decode', 'camera-_useeplus', 'camera-barcode-scanner']
2026-07-07 15:20:06.316 [INFO    ] [app-main tid=15872] [Sequence] Barcode: 2511TL005663ISI
2026-07-07 15:20:06.316 [INFO    ] [app-main tid=15872] [Program] Loading mapping file: d:\hhhhhhhhhh\fresh-new\program_mapping.xlsx
2026-07-07 15:20:06.359 [INFO    ] [app-main tid=15872] [Sequence] Program: 1
2026-07-07 15:20:06.618 [WARNING ] [ThreadWatchdog tid=9964] Watchdog: − thread DISAPPEARED 'camera-barcode-scanner' (if no FINISHED/CRASHED log above, it died silently)
2026-07-07 15:20:06.618 [DEBUG   ] [ThreadWatchdog tid=9964] Watchdog snapshot: 8 alive — ['DebugMonitor', 'MainThread', 'Thread-3 (robot_state_routine_thread)', 'ThreadWatchdog', 'app-main', 'asyncio_0', 'cam-useeplus-decode', 'camera-_useeplus']
2026-07-07 15:20:08.621 [DEBUG   ] [ThreadWatchdog tid=9964] Watchdog snapshot: 8 alive — ['DebugMonitor', 'MainThread', 'Thread-3 (robot_state_routine_thread)', 'ThreadWatchdog', 'app-main', 'asyncio_0', 'cam-useeplus-decode', 'camera-_useeplus']
2026-07-07 15:20:10.623 [DEBUG   ] [ThreadWatchdog tid=9964] Watchdog snapshot: 8 alive — ['DebugMonitor', 'MainThread', 'Thread-3 (robot_state_routine_thread)', 'ThreadWatchdog', 'app-main', 'asyncio_0', 'cam-useeplus-decode', 'camera-_useeplus']
2026-07-07 15:20:12.629 [DEBUG   ] [ThreadWatchdog tid=9964] Watchdog snapshot: 8 alive — ['DebugMonitor', 'MainThread', 'Thread-3 (robot_state_routine_thread)', 'ThreadWatchdog', 'app-main', 'asyncio_0', 'cam-useeplus-decode', 'camera-_useeplus']
2026-07-07 15:20:14.631 [DEBUG   ] [ThreadWatchdog tid=9964] Watchdog snapshot: 8 alive — ['DebugMonitor', 'MainThread', 'Thread-3 (robot_state_routine_thread)', 'ThreadWatchdog', 'app-main', 'asyncio_0', 'cam-useeplus-decode', 'camera-_useeplus']
2026-07-07 15:20:16.632 [DEBUG   ] [ThreadWatchdog tid=9964] Watchdog snapshot: 8 alive — ['DebugMonitor', 'MainThread', 'Thread-3 (robot_state_routine_thread)', 'ThreadWatchdog', 'app-main', 'asyncio_0', 'cam-useeplus-decode', 'camera-_useeplus']
2026-07-07 15:20:18.641 [DEBUG   ] [ThreadWatchdog tid=9964] Watchdog snapshot: 8 alive — ['DebugMonitor', 'MainThread', 'Thread-3 (robot_state_routine_thread)', 'ThreadWatchdog', 'app-main', 'asyncio_0', 'cam-useeplus-decode', 'camera-_useeplus']
2026-07-07 15:20:20.643 [DEBUG   ] [ThreadWatchdog tid=9964] Watchdog snapshot: 8 alive — ['DebugMonitor', 'MainThread', 'Thread-3 (robot_state_routine_thread)', 'ThreadWatchdog', 'app-main', 'asyncio_0', 'cam-useeplus-decode', 'camera-_useeplus']
2026-07-07 15:20:22.649 [DEBUG   ] [ThreadWatchdog tid=9964] Watchdog snapshot: 8 alive — ['DebugMonitor', 'MainThread', 'Thread-3 (robot_state_routine_thread)', 'ThreadWatchdog', 'app-main', 'asyncio_0', 'cam-useeplus-decode', 'camera-_useeplus']
2026-07-07 15:20:24.653 [DEBUG   ] [ThreadWatchdog tid=9964] Watchdog snapshot: 8 alive — ['DebugMonitor', 'MainThread', 'Thread-3 (robot_state_routine_thread)', 'ThreadWatchdog', 'app-main', 'asyncio_0', 'cam-useeplus-decode', 'camera-_useeplus']
2026-07-07 15:20:26.654 [DEBUG   ] [ThreadWatchdog tid=9964] Watchdog snapshot: 8 alive — ['DebugMonitor', 'MainThread', 'Thread-3 (robot_state_routine_thread)', 'ThreadWatchdog', 'app-main', 'asyncio_0', 'cam-useeplus-decode', 'camera-_useeplus']
2026-07-07 15:20:28.655 [DEBUG   ] [ThreadWatchdog tid=9964] Watchdog snapshot: 8 alive — ['DebugMonitor', 'MainThread', 'Thread-3 (robot_state_routine_thread)', 'ThreadWatchdog', 'app-main', 'asyncio_0', 'cam-useeplus-decode', 'camera-_useeplus']
2026-07-07 15:20:29.859 [INFO    ] [app-main tid=15872] [program_1] Done — model answer — barcode=2511TL005663ISI  result={'image_1': 'Yes'}
2026-07-07 15:20:30.508 [INFO    ] [app-main tid=15872] [program_1] Done — barcode=2511TL005663ISI  result=fail
2026-07-07 15:20:30.664 [DEBUG   ] [ThreadWatchdog tid=9964] Watchdog snapshot: 8 alive — ['DebugMonitor', 'MainThread', 'Thread-3 (robot_state_routine_thread)', 'ThreadWatchdog', 'app-main', 'asyncio_0', 'cam-useeplus-decode', 'camera-_useeplus']
2026-07-07 15:20:32.667 [DEBUG   ] [ThreadWatchdog tid=9964] Watchdog snapshot: 8 alive — ['DebugMonitor', 'MainThread', 'Thread-3 (robot_state_routine_thread)', 'ThreadWatchdog', 'app-main', 'asyncio_0', 'cam-useeplus-decode', 'camera-_useeplus']
2026-07-07 15:20:34.669 [DEBUG   ] [ThreadWatchdog tid=9964] Watchdog snapshot: 8 alive — ['DebugMonitor', 'MainThread', 'Thread-3 (robot_state_routine_thread)', 'ThreadWatchdog', 'app-main', 'asyncio_0', 'cam-useeplus-decode', 'camera-_useeplus']
2026-07-07 15:20:36.670 [DEBUG   ] [ThreadWatchdog tid=9964] Watchdog: + thread appeared 'asyncio_1' (daemon=False)
2026-07-07 15:20:36.672 [DEBUG   ] [ThreadWatchdog tid=9964] Watchdog snapshot: 9 alive — ['DebugMonitor', 'MainThread', 'Thread-3 (robot_state_routine_thread)', 'ThreadWatchdog', 'app-main', 'asyncio_0', 'asyncio_1', 'cam-useeplus-decode', 'camera-_useeplus']
2026-07-07 15:20:38.675 [DEBUG   ] [ThreadWatchdog tid=9964] Watchdog snapshot: 9 alive — ['DebugMonitor', 'MainThread', 'Thread-3 (robot_state_routine_thread)', 'ThreadWatchdog', 'app-main', 'asyncio_0', 'asyncio_1', 'cam-useeplus-decode', 'camera-_useeplus']
2026-07-07 15:20:40.677 [DEBUG   ] [ThreadWatchdog tid=9964] Watchdog snapshot: 9 alive — ['DebugMonitor', 'MainThread', 'Thread-3 (robot_state_routine_thread)', 'ThreadWatchdog', 'app-main', 'asyncio_0', 'asyncio_1', 'cam-useeplus-decode', 'camera-_useeplus']
2026-07-07 15:20:42.680 [DEBUG   ] [ThreadWatchdog tid=9964] Watchdog snapshot: 9 alive — ['DebugMonitor', 'MainThread', 'Thread-3 (robot_state_routine_thread)', 'ThreadWatchdog', 'app-main', 'asyncio_0', 'asyncio_1', 'cam-useeplus-decode', 'camera-_useeplus']
2026-07-07 15:20:44.682 [DEBUG   ] [ThreadWatchdog tid=9964] Watchdog snapshot: 9 alive — ['DebugMonitor', 'MainThread', 'Thread-3 (robot_state_routine_thread)', 'ThreadWatchdog', 'app-main', 'asyncio_0', 'asyncio_1', 'cam-useeplus-decode', 'camera-_useeplus']
2026-07-07 15:20:46.683 [DEBUG   ] [ThreadWatchdog tid=9964] Watchdog snapshot: 9 alive — ['DebugMonitor', 'MainThread', 'Thread-3 (robot_state_routine_thread)', 'ThreadWatchdog', 'app-main', 'asyncio_0', 'asyncio_1', 'cam-useeplus-decode', 'camera-_useeplus']
2026-07-07 15:20:48.684 [DEBUG   ] [ThreadWatchdog tid=9964] Watchdog snapshot: 9 alive — ['DebugMonitor', 'MainThread', 'Thread-3 (robot_state_routine_thread)', 'ThreadWatchdog', 'app-main', 'asyncio_0', 'asyncio_1', 'cam-useeplus-decode', 'camera-_useeplus']
2026-07-07 15:20:50.687 [DEBUG   ] [ThreadWatchdog tid=9964] Watchdog snapshot: 9 alive — ['DebugMonitor', 'MainThread', 'Thread-3 (robot_state_routine_thread)', 'ThreadWatchdog', 'app-main', 'asyncio_0', 'asyncio_1', 'cam-useeplus-decode', 'camera-_useeplus']
2026-07-07 15:20:51.146 [INFO    ] [app-main tid=15872] [App] DI0 HIGH — starting sequence
2026-07-07 15:20:52.690 [DEBUG   ] [ThreadWatchdog tid=9964] Watchdog: + thread appeared 'camera-barcode-scanner' (daemon=True)
2026-07-07 15:20:52.690 [DEBUG   ] [ThreadWatchdog tid=9964] Watchdog snapshot: 10 alive — ['DebugMonitor', 'MainThread', 'Thread-3 (robot_state_routine_thread)', 'ThreadWatchdog', 'app-main', 'asyncio_0', 'asyncio_1', 'cam-useeplus-decode', 'camera-_useeplus', 'camera-barcode-scanner']
2026-07-07 15:20:54.693 [DEBUG   ] [ThreadWatchdog tid=9964] Watchdog snapshot: 10 alive — ['DebugMonitor', 'MainThread', 'Thread-3 (robot_state_routine_thread)', 'ThreadWatchdog', 'app-main', 'asyncio_0', 'asyncio_1', 'cam-useeplus-decode', 'camera-_useeplus', 'camera-barcode-scanner']
2026-07-07 15:20:55.815 [INFO    ] [app-main tid=15872] [Sequence] Barcode: 2511TL005663ISI
2026-07-07 15:20:55.815 [INFO    ] [app-main tid=15872] [Sequence] Program: 1
2026-07-07 15:20:56.694 [WARNING ] [ThreadWatchdog tid=9964] Watchdog: − thread DISAPPEARED 'camera-barcode-scanner' (if no FINISHED/CRASHED log above, it died silently)
2026-07-07 15:20:56.694 [DEBUG   ] [ThreadWatchdog tid=9964] Watchdog snapshot: 9 alive — ['DebugMonitor', 'MainThread', 'Thread-3 (robot_state_routine_thread)', 'ThreadWatchdog', 'app-main', 'asyncio_0', 'asyncio_1', 'cam-useeplus-decode', 'camera-_useeplus']
2026-07-07 15:20:58.696 [DEBUG   ] [ThreadWatchdog tid=9964] Watchdog snapshot: 9 alive — ['DebugMonitor', 'MainThread', 'Thread-3 (robot_state_routine_thread)', 'ThreadWatchdog', 'app-main', 'asyncio_0', 'asyncio_1', 'cam-useeplus-decode', 'camera-_useeplus']
2026-07-07 15:21:00.697 [DEBUG   ] [ThreadWatchdog tid=9964] Watchdog snapshot: 9 alive — ['DebugMonitor', 'MainThread', 'Thread-3 (robot_state_routine_thread)', 'ThreadWatchdog', 'app-main', 'asyncio_0', 'asyncio_1', 'cam-useeplus-decode', 'camera-_useeplus']
2026-07-07 15:21:02.698 [DEBUG   ] [ThreadWatchdog tid=9964] Watchdog snapshot: 9 alive — ['DebugMonitor', 'MainThread', 'Thread-3 (robot_state_routine_thread)', 'ThreadWatchdog', 'app-main', 'asyncio_0', 'asyncio_1', 'cam-useeplus-decode', 'camera-_useeplus']
2026-07-07 15:21:04.703 [DEBUG   ] [ThreadWatchdog tid=9964] Watchdog snapshot: 9 alive — ['DebugMonitor', 'MainThread', 'Thread-3 (robot_state_routine_thread)', 'ThreadWatchdog', 'app-main', 'asyncio_0', 'asyncio_1', 'cam-useeplus-decode', 'camera-_useeplus']
2026-07-07 15:21:06.706 [DEBUG   ] [ThreadWatchdog tid=9964] Watchdog snapshot: 9 alive — ['DebugMonitor', 'MainThread', 'Thread-3 (robot_state_routine_thread)', 'ThreadWatchdog', 'app-main', 'asyncio_0', 'asyncio_1', 'cam-useeplus-decode', 'camera-_useeplus']
2026-07-07 15:21:08.707 [DEBUG   ] [ThreadWatchdog tid=9964] Watchdog snapshot: 9 alive — ['DebugMonitor', 'MainThread', 'Thread-3 (robot_state_routine_thread)', 'ThreadWatchdog', 'app-main', 'asyncio_0', 'asyncio_1', 'cam-useeplus-decode', 'camera-_useeplus']
2026-07-07 15:21:10.709 [DEBUG   ] [ThreadWatchdog tid=9964] Watchdog snapshot: 9 alive — ['DebugMonitor', 'MainThread', 'Thread-3 (robot_state_routine_thread)', 'ThreadWatchdog', 'app-main', 'asyncio_0', 'asyncio_1', 'cam-useeplus-decode', 'camera-_useeplus']
2026-07-07 15:21:12.710 [DEBUG   ] [ThreadWatchdog tid=9964] Watchdog snapshot: 9 alive — ['DebugMonitor', 'MainThread', 'Thread-3 (robot_state_routine_thread)', 'ThreadWatchdog', 'app-main', 'asyncio_0', 'asyncio_1', 'cam-useeplus-decode', 'camera-_useeplus']
2026-07-07 15:21:14.713 [DEBUG   ] [ThreadWatchdog tid=9964] Watchdog snapshot: 9 alive — ['DebugMonitor', 'MainThread', 'Thread-3 (robot_state_routine_thread)', 'ThreadWatchdog', 'app-main', 'asyncio_0', 'asyncio_1', 'cam-useeplus-decode', 'camera-_useeplus']
2026-07-07 15:21:16.714 [DEBUG   ] [ThreadWatchdog tid=9964] Watchdog snapshot: 9 alive — ['DebugMonitor', 'MainThread', 'Thread-3 (robot_state_routine_thread)', 'ThreadWatchdog', 'app-main', 'asyncio_0', 'asyncio_1', 'cam-useeplus-decode', 'camera-_useeplus']
2026-07-07 15:21:18.287 [INFO    ] [app-main tid=15872] [program_1] Done — model answer — barcode=2511TL005663ISI  result={'image_1': 'Yes'}
2026-07-07 15:21:18.715 [DEBUG   ] [ThreadWatchdog tid=9964] Watchdog snapshot: 9 alive — ['DebugMonitor', 'MainThread', 'Thread-3 (robot_state_routine_thread)', 'ThreadWatchdog', 'app-main', 'asyncio_0', 'asyncio_1', 'cam-useeplus-decode', 'camera-_useeplus']
2026-07-07 15:21:18.905 [INFO    ] [app-main tid=15872] [program_1] Done — barcode=2511TL005663ISI  result=fail
2026-07-07 15:21:20.742 [DEBUG   ] [ThreadWatchdog tid=9964] Watchdog snapshot: 9 alive — ['DebugMonitor', 'MainThread', 'Thread-3 (robot_state_routine_thread)', 'ThreadWatchdog', 'app-main', 'asyncio_0', 'asyncio_1', 'cam-useeplus-decode', 'camera-_useeplus']
2026-07-07 15:21:22.752 [DEBUG   ] [ThreadWatchdog tid=9964] Watchdog snapshot: 9 alive — ['DebugMonitor', 'MainThread', 'Thread-3 (robot_state_routine_thread)', 'ThreadWatchdog', 'app-main', 'asyncio_0', 'asyncio_1', 'cam-useeplus-decode', 'camera-_useeplus']
2026-07-07 15:21:24.755 [DEBUG   ] [ThreadWatchdog tid=9964] Watchdog snapshot: 9 alive — ['DebugMonitor', 'MainThread', 'Thread-3 (robot_state_routine_thread)', 'ThreadWatchdog', 'app-main', 'asyncio_0', 'asyncio_1', 'cam-useeplus-decode', 'camera-_useeplus']
2026-07-07 15:21:26.807 [DEBUG   ] [ThreadWatchdog tid=9964] Watchdog snapshot: 9 alive — ['DebugMonitor', 'MainThread', 'Thread-3 (robot_state_routine_thread)', 'ThreadWatchdog', 'app-main', 'asyncio_0', 'asyncio_1', 'cam-useeplus-decode', 'camera-_useeplus']
2026-07-07 15:21:28.808 [DEBUG   ] [ThreadWatchdog tid=9964] Watchdog snapshot: 9 alive — ['DebugMonitor', 'MainThread', 'Thread-3 (robot_state_routine_thread)', 'ThreadWatchdog', 'app-main', 'asyncio_0', 'asyncio_1', 'cam-useeplus-decode', 'camera-_useeplus']
2026-07-07 15:21:30.810 [DEBUG   ] [ThreadWatchdog tid=9964] Watchdog snapshot: 9 alive — ['DebugMonitor', 'MainThread', 'Thread-3 (robot_state_routine_thread)', 'ThreadWatchdog', 'app-main', 'asyncio_0', 'asyncio_1', 'cam-useeplus-decode', 'camera-_useeplus']
2026-07-07 15:21:32.816 [DEBUG   ] [ThreadWatchdog tid=9964] Watchdog snapshot: 9 alive — ['DebugMonitor', 'MainThread', 'Thread-3 (robot_state_routine_thread)', 'ThreadWatchdog', 'app-main', 'asyncio_0', 'asyncio_1', 'cam-useeplus-decode', 'camera-_useeplus']
2026-07-07 15:21:34.818 [DEBUG   ] [ThreadWatchdog tid=9964] Watchdog snapshot: 9 alive — ['DebugMonitor', 'MainThread', 'Thread-3 (robot_state_routine_thread)', 'ThreadWatchdog', 'app-main', 'asyncio_0', 'asyncio_1', 'cam-useeplus-decode', 'camera-_useeplus']
2026-07-07 15:21:36.825 [DEBUG   ] [ThreadWatchdog tid=9964] Watchdog snapshot: 9 alive — ['DebugMonitor', 'MainThread', 'Thread-3 (robot_state_routine_thread)', 'ThreadWatchdog', 'app-main', 'asyncio_0', 'asyncio_1', 'cam-useeplus-decode', 'camera-_useeplus']
2026-07-07 15:21:38.827 [DEBUG   ] [ThreadWatchdog tid=9964] Watchdog snapshot: 9 alive — ['DebugMonitor', 'MainThread', 'Thread-3 (robot_state_routine_thread)', 'ThreadWatchdog', 'app-main', 'asyncio_0', 'asyncio_1', 'cam-useeplus-decode', 'camera-_useeplus']
2026-07-07 15:21:40.829 [DEBUG   ] [ThreadWatchdog tid=9964] Watchdog snapshot: 9 alive — ['DebugMonitor', 'MainThread', 'Thread-3 (robot_state_routine_thread)', 'ThreadWatchdog', 'app-main', 'asyncio_0', 'asyncio_1', 'cam-useeplus-decode', 'camera-_useeplus']
2026-07-07 15:21:42.837 [DEBUG   ] [ThreadWatchdog tid=9964] Watchdog snapshot: 9 alive — ['DebugMonitor', 'MainThread', 'Thread-3 (robot_state_routine_thread)', 'ThreadWatchdog', 'app-main', 'asyncio_0', 'asyncio_1', 'cam-useeplus-decode', 'camera-_useeplus']
2026-07-07 15:21:44.846 [DEBUG   ] [ThreadWatchdog tid=9964] Watchdog snapshot: 9 alive — ['DebugMonitor', 'MainThread', 'Thread-3 (robot_state_routine_thread)', 'ThreadWatchdog', 'app-main', 'asyncio_0', 'asyncio_1', 'cam-useeplus-decode', 'camera-_useeplus']
2026-07-07 15:21:46.848 [DEBUG   ] [ThreadWatchdog tid=9964] Watchdog snapshot: 9 alive — ['DebugMonitor', 'MainThread', 'Thread-3 (robot_state_routine_thread)', 'ThreadWatchdog', 'app-main', 'asyncio_0', 'asyncio_1', 'cam-useeplus-decode', 'camera-_useeplus']
2026-07-07 15:21:48.850 [DEBUG   ] [ThreadWatchdog tid=9964] Watchdog snapshot: 9 alive — ['DebugMonitor', 'MainThread', 'Thread-3 (robot_state_routine_thread)', 'ThreadWatchdog', 'app-main', 'asyncio_0', 'asyncio_1', 'cam-useeplus-decode', 'camera-_useeplus']
2026-07-07 15:21:50.851 [DEBUG   ] [ThreadWatchdog tid=9964] Watchdog snapshot: 9 alive — ['DebugMonitor', 'MainThread', 'Thread-3 (robot_state_routine_thread)', 'ThreadWatchdog', 'app-main', 'asyncio_0', 'asyncio_1', 'cam-useeplus-decode', 'camera-_useeplus']
2026-07-07 15:21:52.853 [DEBUG   ] [ThreadWatchdog tid=9964] Watchdog snapshot: 9 alive — ['DebugMonitor', 'MainThread', 'Thread-3 (robot_state_routine_thread)', 'ThreadWatchdog', 'app-main', 'asyncio_0', 'asyncio_1', 'cam-useeplus-decode', 'camera-_useeplus']
2026-07-07 15:21:54.854 [DEBUG   ] [ThreadWatchdog tid=9964] Watchdog snapshot: 9 alive — ['DebugMonitor', 'MainThread', 'Thread-3 (robot_state_routine_thread)', 'ThreadWatchdog', 'app-main', 'asyncio_0', 'asyncio_1', 'cam-useeplus-decode', 'camera-_useeplus']
2026-07-07 15:21:56.861 [DEBUG   ] [ThreadWatchdog tid=9964] Watchdog snapshot: 9 alive — ['DebugMonitor', 'MainThread', 'Thread-3 (robot_state_routine_thread)', 'ThreadWatchdog', 'app-main', 'asyncio_0', 'asyncio_1', 'cam-useeplus-decode', 'camera-_useeplus']
2026-07-07 15:21:58.863 [DEBUG   ] [ThreadWatchdog tid=9964] Watchdog snapshot: 9 alive — ['DebugMonitor', 'MainThread', 'Thread-3 (robot_state_routine_thread)', 'ThreadWatchdog', 'app-main', 'asyncio_0', 'asyncio_1', 'cam-useeplus-decode', 'camera-_useeplus']
2026-07-07 15:22:00.864 [DEBUG   ] [ThreadWatchdog tid=9964] Watchdog snapshot: 9 alive — ['DebugMonitor', 'MainThread', 'Thread-3 (robot_state_routine_thread)', 'ThreadWatchdog', 'app-main', 'asyncio_0', 'asyncio_1', 'cam-useeplus-decode', 'camera-_useeplus']
2026-07-07 15:22:02.874 [DEBUG   ] [ThreadWatchdog tid=9964] Watchdog snapshot: 9 alive — ['DebugMonitor', 'MainThread', 'Thread-3 (robot_state_routine_thread)', 'ThreadWatchdog', 'app-main', 'asyncio_0', 'asyncio_1', 'cam-useeplus-decode', 'camera-_useeplus']
2026-07-07 15:22:04.881 [DEBUG   ] [ThreadWatchdog tid=9964] Watchdog snapshot: 9 alive — ['DebugMonitor', 'MainThread', 'Thread-3 (robot_state_routine_thread)', 'ThreadWatchdog', 'app-main', 'asyncio_0', 'asyncio_1', 'cam-useeplus-decode', 'camera-_useeplus']
2026-07-07 15:22:06.883 [DEBUG   ] [ThreadWatchdog tid=9964] Watchdog snapshot: 9 alive — ['DebugMonitor', 'MainThread', 'Thread-3 (robot_state_routine_thread)', 'ThreadWatchdog', 'app-main', 'asyncio_0', 'asyncio_1', 'cam-useeplus-decode', 'camera-_useeplus']
2026-07-07 15:22:08.884 [DEBUG   ] [ThreadWatchdog tid=9964] Watchdog snapshot: 9 alive — ['DebugMonitor', 'MainThread', 'Thread-3 (robot_state_routine_thread)', 'ThreadWatchdog', 'app-main', 'asyncio_0', 'asyncio_1', 'cam-useeplus-decode', 'camera-_useeplus']
2026-07-07 15:22:10.886 [DEBUG   ] [ThreadWatchdog tid=9964] Watchdog snapshot: 9 alive — ['DebugMonitor', 'MainThread', 'Thread-3 (robot_state_routine_thread)', 'ThreadWatchdog', 'app-main', 'asyncio_0', 'asyncio_1', 'cam-useeplus-decode', 'camera-_useeplus']
2026-07-07 15:22:12.887 [DEBUG   ] [ThreadWatchdog tid=9964] Watchdog snapshot: 9 alive — ['DebugMonitor', 'MainThread', 'Thread-3 (robot_state_routine_thread)', 'ThreadWatchdog', 'app-main', 'asyncio_0', 'asyncio_1', 'cam-useeplus-decode', 'camera-_useeplus']
2026-07-07 15:22:14.888 [DEBUG   ] [ThreadWatchdog tid=9964] Watchdog snapshot: 9 alive — ['DebugMonitor', 'MainThread', 'Thread-3 (robot_state_routine_thread)', 'ThreadWatchdog', 'app-main', 'asyncio_0', 'asyncio_1', 'cam-useeplus-decode', 'camera-_useeplus']
2026-07-07 15:22:16.890 [DEBUG   ] [ThreadWatchdog tid=9964] Watchdog snapshot: 9 alive — ['DebugMonitor', 'MainThread', 'Thread-3 (robot_state_routine_thread)', 'ThreadWatchdog', 'app-main', 'asyncio_0', 'asyncio_1', 'cam-useeplus-decode', 'camera-_useeplus']
2026-07-07 15:22:18.691 [INFO    ] [app-main tid=15872] [App] DI0 HIGH — starting sequence
2026-07-07 15:22:18.891 [DEBUG   ] [ThreadWatchdog tid=9964] Watchdog snapshot: 9 alive — ['DebugMonitor', 'MainThread', 'Thread-3 (robot_state_routine_thread)', 'ThreadWatchdog', 'app-main', 'asyncio_0', 'asyncio_1', 'cam-useeplus-decode', 'camera-_useeplus']
2026-07-07 15:22:20.892 [DEBUG   ] [ThreadWatchdog tid=9964] Watchdog: + thread appeared 'camera-barcode-scanner' (daemon=True)
2026-07-07 15:22:20.892 [DEBUG   ] [ThreadWatchdog tid=9964] Watchdog snapshot: 10 alive — ['DebugMonitor', 'MainThread', 'Thread-3 (robot_state_routine_thread)', 'ThreadWatchdog', 'app-main', 'asyncio_0', 'asyncio_1', 'cam-useeplus-decode', 'camera-_useeplus', 'camera-barcode-scanner']
2026-07-07 15:22:22.898 [DEBUG   ] [ThreadWatchdog tid=9964] Watchdog snapshot: 10 alive — ['DebugMonitor', 'MainThread', 'Thread-3 (robot_state_routine_thread)', 'ThreadWatchdog', 'app-main', 'asyncio_0', 'asyncio_1', 'cam-useeplus-decode', 'camera-_useeplus', 'camera-barcode-scanner']
2026-07-07 15:22:24.900 [DEBUG   ] [ThreadWatchdog tid=9964] Watchdog snapshot: 10 alive — ['DebugMonitor', 'MainThread', 'Thread-3 (robot_state_routine_thread)', 'ThreadWatchdog', 'app-main', 'asyncio_0', 'asyncio_1', 'cam-useeplus-decode', 'camera-_useeplus', 'camera-barcode-scanner']
2026-07-07 15:22:26.901 [DEBUG   ] [ThreadWatchdog tid=9964] Watchdog snapshot: 10 alive — ['DebugMonitor', 'MainThread', 'Thread-3 (robot_state_routine_thread)', 'ThreadWatchdog', 'app-main', 'asyncio_0', 'asyncio_1', 'cam-useeplus-decode', 'camera-_useeplus', 'camera-barcode-scanner']
2026-07-07 15:22:28.902 [DEBUG   ] [ThreadWatchdog tid=9964] Watchdog snapshot: 10 alive — ['DebugMonitor', 'MainThread', 'Thread-3 (robot_state_routine_thread)', 'ThreadWatchdog', 'app-main', 'asyncio_0', 'asyncio_1', 'cam-useeplus-decode', 'camera-_useeplus', 'camera-barcode-scanner']
2026-07-07 15:22:30.903 [DEBUG   ] [ThreadWatchdog tid=9964] Watchdog snapshot: 10 alive — ['DebugMonitor', 'MainThread', 'Thread-3 (robot_state_routine_thread)', 'ThreadWatchdog', 'app-main', 'asyncio_0', 'asyncio_1', 'cam-useeplus-decode', 'camera-_useeplus', 'camera-barcode-scanner']
2026-07-07 15:22:32.904 [DEBUG   ] [ThreadWatchdog tid=9964] Watchdog snapshot: 10 alive — ['DebugMonitor', 'MainThread', 'Thread-3 (robot_state_routine_thread)', 'ThreadWatchdog', 'app-main', 'asyncio_0', 'asyncio_1', 'cam-useeplus-decode', 'camera-_useeplus', 'camera-barcode-scanner']
2026-07-07 15:22:34.905 [DEBUG   ] [ThreadWatchdog tid=9964] Watchdog snapshot: 10 alive — ['DebugMonitor', 'MainThread', 'Thread-3 (robot_state_routine_thread)', 'ThreadWatchdog', 'app-main', 'asyncio_0', 'asyncio_1', 'cam-useeplus-decode', 'camera-_useeplus', 'camera-barcode-scanner']
2026-07-07 15:22:36.906 [DEBUG   ] [ThreadWatchdog tid=9964] Watchdog snapshot: 10 alive — ['DebugMonitor', 'MainThread', 'Thread-3 (robot_state_routine_thread)', 'ThreadWatchdog', 'app-main', 'asyncio_0', 'asyncio_1', 'cam-useeplus-decode', 'camera-_useeplus', 'camera-barcode-scanner']
2026-07-07 15:22:37.334 [INFO    ] [app-main tid=15872] [Sequence] Barcode: (01)96858508723702
2026-07-07 15:22:37.335 [ERROR   ] [app-main tid=15872] [Program] Char '7' not found in mapping file
2026-07-07 15:22:37.335 [ERROR   ] [app-main tid=15872] [Sequence] Could not determine program for barcode: '(01)96858508723702'
2026-07-07 15:22:38.907 [WARNING ] [ThreadWatchdog tid=9964] Watchdog: − thread DISAPPEARED 'camera-barcode-scanner' (if no FINISHED/CRASHED log above, it died silently)
2026-07-07 15:22:38.907 [DEBUG   ] [ThreadWatchdog tid=9964] Watchdog snapshot: 9 alive — ['DebugMonitor', 'MainThread', 'Thread-3 (robot_state_routine_thread)', 'ThreadWatchdog', 'app-main', 'asyncio_0', 'asyncio_1', 'cam-useeplus-decode', 'camera-_useeplus']
2026-07-07 15:22:40.915 [DEBUG   ] [ThreadWatchdog tid=9964] Watchdog snapshot: 9 alive — ['DebugMonitor', 'MainThread', 'Thread-3 (robot_state_routine_thread)', 'ThreadWatchdog', 'app-main', 'asyncio_0', 'asyncio_1', 'cam-useeplus-decode', 'camera-_useeplus']
2026-07-07 15:22:42.917 [DEBUG   ] [ThreadWatchdog tid=9964] Watchdog snapshot: 9 alive — ['DebugMonitor', 'MainThread', 'Thread-3 (robot_state_routine_thread)', 'ThreadWatchdog', 'app-main', 'asyncio_0', 'asyncio_1', 'cam-useeplus-decode', 'camera-_useeplus']
2026-07-07 15:22:44.918 [DEBUG   ] [ThreadWatchdog tid=9964] Watchdog snapshot: 9 alive — ['DebugMonitor', 'MainThread', 'Thread-3 (robot_state_routine_thread)', 'ThreadWatchdog', 'app-main', 'asyncio_0', 'asyncio_1', 'cam-useeplus-decode', 'camera-_useeplus']
2026-07-07 15:22:46.919 [DEBUG   ] [ThreadWatchdog tid=9964] Watchdog snapshot: 9 alive — ['DebugMonitor', 'MainThread', 'Thread-3 (robot_state_routine_thread)', 'ThreadWatchdog', 'app-main', 'asyncio_0', 'asyncio_1', 'cam-useeplus-decode', 'camera-_useeplus']
2026-07-07 15:22:48.920 [DEBUG   ] [ThreadWatchdog tid=9964] Watchdog snapshot: 9 alive — ['DebugMonitor', 'MainThread', 'Thread-3 (robot_state_routine_thread)', 'ThreadWatchdog', 'app-main', 'asyncio_0', 'asyncio_1', 'cam-useeplus-decode', 'camera-_useeplus']
2026-07-07 15:22:50.922 [DEBUG   ] [ThreadWatchdog tid=9964] Watchdog snapshot: 9 alive — ['DebugMonitor', 'MainThread', 'Thread-3 (robot_state_routine_thread)', 'ThreadWatchdog', 'app-main', 'asyncio_0', 'asyncio_1', 'cam-useeplus-decode', 'camera-_useeplus']
2026-07-07 15:22:52.924 [DEBUG   ] [ThreadWatchdog tid=9964] Watchdog snapshot: 9 alive — ['DebugMonitor', 'MainThread', 'Thread-3 (robot_state_routine_thread)', 'ThreadWatchdog', 'app-main', 'asyncio_0', 'asyncio_1', 'cam-useeplus-decode', 'camera-_useeplus']
2026-07-07 15:22:54.925 [DEBUG   ] [ThreadWatchdog tid=9964] Watchdog snapshot: 9 alive — ['DebugMonitor', 'MainThread', 'Thread-3 (robot_state_routine_thread)', 'ThreadWatchdog', 'app-main', 'asyncio_0', 'asyncio_1', 'cam-useeplus-decode', 'camera-_useeplus']
2026-07-07 15:22:56.931 [DEBUG   ] [ThreadWatchdog tid=9964] Watchdog snapshot: 9 alive — ['DebugMonitor', 'MainThread', 'Thread-3 (robot_state_routine_thread)', 'ThreadWatchdog', 'app-main', 'asyncio_0', 'asyncio_1', 'cam-useeplus-decode', 'camera-_useeplus']
2026-07-07 15:22:57.952 [INFO    ] [app-main tid=15872] [App] DI0 HIGH — starting sequence
2026-07-07 15:22:58.935 [DEBUG   ] [ThreadWatchdog tid=9964] Watchdog: + thread appeared 'camera-barcode-scanner' (daemon=True)
2026-07-07 15:22:58.935 [DEBUG   ] [ThreadWatchdog tid=9964] Watchdog snapshot: 10 alive — ['DebugMonitor', 'MainThread', 'Thread-3 (robot_state_routine_thread)', 'ThreadWatchdog', 'app-main', 'asyncio_0', 'asyncio_1', 'cam-useeplus-decode', 'camera-_useeplus', 'camera-barcode-scanner']
2026-07-07 15:23:00.938 [DEBUG   ] [ThreadWatchdog tid=9964] Watchdog snapshot: 10 alive — ['DebugMonitor', 'MainThread', 'Thread-3 (robot_state_routine_thread)', 'ThreadWatchdog', 'app-main', 'asyncio_0', 'asyncio_1', 'cam-useeplus-decode', 'camera-_useeplus', 'camera-barcode-scanner']
2026-07-07 15:23:02.939 [DEBUG   ] [ThreadWatchdog tid=9964] Watchdog snapshot: 10 alive — ['DebugMonitor', 'MainThread', 'Thread-3 (robot_state_routine_thread)', 'ThreadWatchdog', 'app-main', 'asyncio_0', 'asyncio_1', 'cam-useeplus-decode', 'camera-_useeplus', 'camera-barcode-scanner']
2026-07-07 15:23:04.946 [DEBUG   ] [ThreadWatchdog tid=9964] Watchdog snapshot: 10 alive — ['DebugMonitor', 'MainThread', 'Thread-3 (robot_state_routine_thread)', 'ThreadWatchdog', 'app-main', 'asyncio_0', 'asyncio_1', 'cam-useeplus-decode', 'camera-_useeplus', 'camera-barcode-scanner']
2026-07-07 15:23:06.821 [INFO    ] [app-main tid=15872] [Sequence] Barcode: 2511TL005663ISI
2026-07-07 15:23:06.821 [INFO    ] [app-main tid=15872] [Sequence] Program: 1
2026-07-07 15:23:06.948 [WARNING ] [ThreadWatchdog tid=9964] Watchdog: − thread DISAPPEARED 'camera-barcode-scanner' (if no FINISHED/CRASHED log above, it died silently)
2026-07-07 15:23:06.949 [DEBUG   ] [ThreadWatchdog tid=9964] Watchdog snapshot: 9 alive — ['DebugMonitor', 'MainThread', 'Thread-3 (robot_state_routine_thread)', 'ThreadWatchdog', 'app-main', 'asyncio_0', 'asyncio_1', 'cam-useeplus-decode', 'camera-_useeplus']
2026-07-07 15:23:08.952 [DEBUG   ] [ThreadWatchdog tid=9964] Watchdog snapshot: 9 alive — ['DebugMonitor', 'MainThread', 'Thread-3 (robot_state_routine_thread)', 'ThreadWatchdog', 'app-main', 'asyncio_0', 'asyncio_1', 'cam-useeplus-decode', 'camera-_useeplus']
2026-07-07 15:23:10.955 [DEBUG   ] [ThreadWatchdog tid=9964] Watchdog snapshot: 9 alive — ['DebugMonitor', 'MainThread', 'Thread-3 (robot_state_routine_thread)', 'ThreadWatchdog', 'app-main', 'asyncio_0', 'asyncio_1', 'cam-useeplus-decode', 'camera-_useeplus']
2026-07-07 15:23:12.956 [DEBUG   ] [ThreadWatchdog tid=9964] Watchdog snapshot: 9 alive — ['DebugMonitor', 'MainThread', 'Thread-3 (robot_state_routine_thread)', 'ThreadWatchdog', 'app-main', 'asyncio_0', 'asyncio_1', 'cam-useeplus-decode', 'camera-_useeplus']
2026-07-07 15:23:14.962 [DEBUG   ] [ThreadWatchdog tid=9964] Watchdog snapshot: 9 alive — ['DebugMonitor', 'MainThread', 'Thread-3 (robot_state_routine_thread)', 'ThreadWatchdog', 'app-main', 'asyncio_0', 'asyncio_1', 'cam-useeplus-decode', 'camera-_useeplus']
2026-07-07 15:23:16.965 [DEBUG   ] [ThreadWatchdog tid=9964] Watchdog snapshot: 9 alive — ['DebugMonitor', 'MainThread', 'Thread-3 (robot_state_routine_thread)', 'ThreadWatchdog', 'app-main', 'asyncio_0', 'asyncio_1', 'cam-useeplus-decode', 'camera-_useeplus']
2026-07-07 15:23:18.967 [DEBUG   ] [ThreadWatchdog tid=9964] Watchdog snapshot: 9 alive — ['DebugMonitor', 'MainThread', 'Thread-3 (robot_state_routine_thread)', 'ThreadWatchdog', 'app-main', 'asyncio_0', 'asyncio_1', 'cam-useeplus-decode', 'camera-_useeplus']
2026-07-07 15:23:20.967 [DEBUG   ] [ThreadWatchdog tid=9964] Watchdog snapshot: 9 alive — ['DebugMonitor', 'MainThread', 'Thread-3 (robot_state_routine_thread)', 'ThreadWatchdog', 'app-main', 'asyncio_0', 'asyncio_1', 'cam-useeplus-decode', 'camera-_useeplus']
2026-07-07 15:23:22.968 [DEBUG   ] [ThreadWatchdog tid=9964] Watchdog snapshot: 9 alive — ['DebugMonitor', 'MainThread', 'Thread-3 (robot_state_routine_thread)', 'ThreadWatchdog', 'app-main', 'asyncio_0', 'asyncio_1', 'cam-useeplus-decode', 'camera-_useeplus']
2026-07-07 15:23:24.970 [DEBUG   ] [ThreadWatchdog tid=9964] Watchdog snapshot: 9 alive — ['DebugMonitor', 'MainThread', 'Thread-3 (robot_state_routine_thread)', 'ThreadWatchdog', 'app-main', 'asyncio_0', 'asyncio_1', 'cam-useeplus-decode', 'camera-_useeplus']
2026-07-07 15:23:26.806 [INFO    ] [app-main tid=15872] [program_1] Done — model answer — barcode=2511TL005663ISI  result={'image_1': 'Yes'}
2026-07-07 15:23:26.971 [DEBUG   ] [ThreadWatchdog tid=9964] Watchdog snapshot: 9 alive — ['DebugMonitor', 'MainThread', 'Thread-3 (robot_state_routine_thread)', 'ThreadWatchdog', 'app-main', 'asyncio_0', 'asyncio_1', 'cam-useeplus-decode', 'camera-_useeplus']
2026-07-07 15:23:27.411 [INFO    ] [app-main tid=15872] [program_1] Done — barcode=2511TL005663ISI  result=fail
2026-07-07 15:23:28.972 [DEBUG   ] [ThreadWatchdog tid=9964] Watchdog snapshot: 9 alive — ['DebugMonitor', 'MainThread', 'Thread-3 (robot_state_routine_thread)', 'ThreadWatchdog', 'app-main', 'asyncio_0', 'asyncio_1', 'cam-useeplus-decode', 'camera-_useeplus']
2026-07-07 15:23:30.978 [DEBUG   ] [ThreadWatchdog tid=9964] Watchdog snapshot: 9 alive — ['DebugMonitor', 'MainThread', 'Thread-3 (robot_state_routine_thread)', 'ThreadWatchdog', 'app-main', 'asyncio_0', 'asyncio_1', 'cam-useeplus-decode', 'camera-_useeplus']
2026-07-07 15:23:32.980 [DEBUG   ] [ThreadWatchdog tid=9964] Watchdog snapshot: 9 alive — ['DebugMonitor', 'MainThread', 'Thread-3 (robot_state_routine_thread)', 'ThreadWatchdog', 'app-main', 'asyncio_0', 'asyncio_1', 'cam-useeplus-decode', 'camera-_useeplus']
2026-07-08 15:53:15.109 [INFO    ] [MainThread tid=3000] ======================================================================
2026-07-08 15:53:15.110 [INFO    ] [MainThread tid=3000] Logger initialised — log file: c:\Users\Hisham Elbadry\Desktop\problemmmmmm\fresh-new\logs\threads.log
2026-07-08 15:53:15.110 [INFO    ] [MainThread tid=3000] Python 3.12.10 on win32
2026-07-08 15:53:15.110 [INFO    ] [MainThread tid=3000] ======================================================================
2026-07-08 15:53:15.111 [INFO    ] [ThreadWatchdog tid=7488] Watchdog started — checking every 2.0s
2026-07-08 15:53:15.111 [INFO    ] [MainThread tid=3000] thread_logger setup complete ✓
2026-07-08 15:53:15.112 [DEBUG   ] [ThreadWatchdog tid=7488] Watchdog: + thread appeared 'Thread-2' (daemon=False)
2026-07-08 15:53:15.112 [DEBUG   ] [ThreadWatchdog tid=7488] Watchdog: + thread appeared 'ThreadWatchdog' (daemon=True)
2026-07-08 15:53:15.113 [DEBUG   ] [ThreadWatchdog tid=7488] Watchdog: + thread appeared 'MainThread' (daemon=False)
2026-07-08 15:53:15.113 [DEBUG   ] [ThreadWatchdog tid=7488] Watchdog snapshot: 3 alive — ['MainThread', 'Thread-2', 'ThreadWatchdog']
2026-07-08 15:53:15.635 [INFO    ] [MainThread tid=3000] === web_server: App created (STOPPED) — press Start in dashboard ===
2026-07-08 15:53:15.635 [INFO    ] [MainThread tid=3000] === web_server: listening on http://0.0.0.0:8000 ===
2026-07-08 15:53:17.115 [DEBUG   ] [ThreadWatchdog tid=7488] Watchdog: + thread appeared 'asyncio_0' (daemon=False)
2026-07-08 15:53:17.115 [DEBUG   ] [ThreadWatchdog tid=7488] Watchdog: + thread appeared 'DebugMonitor' (daemon=True)
2026-07-08 15:53:17.116 [WARNING ] [ThreadWatchdog tid=7488] Watchdog: − thread DISAPPEARED 'Thread-2' (if no FINISHED/CRASHED log above, it died silently)
2026-07-08 15:53:17.117 [DEBUG   ] [ThreadWatchdog tid=7488] Watchdog snapshot: 4 alive — ['DebugMonitor', 'MainThread', 'ThreadWatchdog', 'asyncio_0']
2026-07-08 15:53:19.119 [DEBUG   ] [ThreadWatchdog tid=7488] Watchdog snapshot: 4 alive — ['DebugMonitor', 'MainThread', 'ThreadWatchdog', 'asyncio_0']
2026-07-08 15:53:19.120 [INFO    ] [app-main tid=13884] [App] _run_main started
2026-07-08 15:53:21.120 [DEBUG   ] [ThreadWatchdog tid=7488] Watchdog: + thread appeared 'app-main' (daemon=True)
2026-07-08 15:53:21.121 [DEBUG   ] [ThreadWatchdog tid=7488] Watchdog: + thread appeared 'cam-useeplus-decode' (daemon=True)
2026-07-08 15:53:21.122 [DEBUG   ] [ThreadWatchdog tid=7488] Watchdog: + thread appeared 'Thread-3 (robot_state_routine_thread)' (daemon=True)
2026-07-08 15:53:21.123 [DEBUG   ] [ThreadWatchdog tid=7488] Watchdog: + thread appeared 'camera-_useeplus' (daemon=True)
2026-07-08 15:53:21.124 [DEBUG   ] [ThreadWatchdog tid=7488] Watchdog snapshot: 8 alive — ['DebugMonitor', 'MainThread', 'Thread-3 (robot_state_routine_thread)', 'ThreadWatchdog', 'app-main', 'asyncio_0', 'cam-useeplus-decode', 'camera-_useeplus']
2026-07-08 15:53:21.611 [INFO    ] [app-main tid=13884] [App] Ready — waiting for trigger DI0
2026-07-08 15:53:21.611 [WARNING ] [app-main tid=13884] [App] GetDI error: unsupported operand type(s) for &: '_ctypes.CField' and 'int' — retrying...
2026-07-08 15:53:22.614 [WARNING ] [app-main tid=13884] [App] GetDI error: unsupported operand type(s) for &: '_ctypes.CField' and 'int' — retrying...
2026-07-08 15:53:23.125 [DEBUG   ] [ThreadWatchdog tid=7488] Watchdog snapshot: 8 alive — ['DebugMonitor', 'MainThread', 'Thread-3 (robot_state_routine_thread)', 'ThreadWatchdog', 'app-main', 'asyncio_0', 'cam-useeplus-decode', 'camera-_useeplus']
2026-07-08 15:53:23.615 [WARNING ] [app-main tid=13884] [App] GetDI error: unsupported operand type(s) for &: '_ctypes.CField' and 'int' — retrying...
2026-07-08 15:53:24.617 [WARNING ] [app-main tid=13884] [App] GetDI error: unsupported operand type(s) for &: '_ctypes.CField' and 'int' — retrying...
2026-07-08 15:53:25.125 [DEBUG   ] [ThreadWatchdog tid=7488] Watchdog snapshot: 8 alive — ['DebugMonitor', 'MainThread', 'Thread-3 (robot_state_routine_thread)', 'ThreadWatchdog', 'app-main', 'asyncio_0', 'cam-useeplus-decode', 'camera-_useeplus']
2026-07-08 15:53:25.619 [WARNING ] [app-main tid=13884] [App] GetDI error: unsupported operand type(s) for &: '_ctypes.CField' and 'int' — retrying...
2026-07-08 15:53:26.620 [WARNING ] [app-main tid=13884] [App] GetDI error: unsupported operand type(s) for &: '_ctypes.CField' and 'int' — retrying...
2026-07-08 15:53:27.127 [DEBUG   ] [ThreadWatchdog tid=7488] Watchdog snapshot: 8 alive — ['DebugMonitor', 'MainThread', 'Thread-3 (robot_state_routine_thread)', 'ThreadWatchdog', 'app-main', 'asyncio_0', 'cam-useeplus-decode', 'camera-_useeplus']
2026-07-08 15:53:27.622 [WARNING ] [app-main tid=13884] [App] GetDI error: unsupported operand type(s) for &: '_ctypes.CField' and 'int' — retrying...
2026-07-08 15:53:28.638 [INFO    ] [app-main tid=13884] [App] _run_main finished
2026-07-08 15:53:29.128 [WARNING ] [ThreadWatchdog tid=7488] Watchdog: − thread DISAPPEARED 'app-main' (if no FINISHED/CRASHED log above, it died silently)
2026-07-08 15:53:29.129 [WARNING ] [ThreadWatchdog tid=7488] Watchdog: − thread DISAPPEARED 'cam-useeplus-decode' (if no FINISHED/CRASHED log above, it died silently)
2026-07-08 15:53:29.130 [WARNING ] [ThreadWatchdog tid=7488] Watchdog: − thread DISAPPEARED 'camera-_useeplus' (if no FINISHED/CRASHED log above, it died silently)
2026-07-08 15:53:29.131 [DEBUG   ] [ThreadWatchdog tid=7488] Watchdog snapshot: 5 alive — ['DebugMonitor', 'MainThread', 'Thread-3 (robot_state_routine_thread)', 'ThreadWatchdog', 'asyncio_0']
2026-07-08 15:53:31.132 [DEBUG   ] [ThreadWatchdog tid=7488] Watchdog snapshot: 5 alive — ['DebugMonitor', 'MainThread', 'Thread-3 (robot_state_routine_thread)', 'ThreadWatchdog', 'asyncio_0']
2026-07-08 15:53:33.134 [DEBUG   ] [ThreadWatchdog tid=7488] Watchdog snapshot: 5 alive — ['DebugMonitor', 'MainThread', 'Thread-3 (robot_state_routine_thread)', 'ThreadWatchdog', 'asyncio_0']
2026-07-08 15:53:35.135 [DEBUG   ] [ThreadWatchdog tid=7488] Watchdog snapshot: 5 alive — ['DebugMonitor', 'MainThread', 'Thread-3 (robot_state_routine_thread)', 'ThreadWatchdog', 'asyncio_0']
2026-07-08 15:53:37.136 [DEBUG   ] [ThreadWatchdog tid=7488] Watchdog snapshot: 5 alive — ['DebugMonitor', 'MainThread', 'Thread-3 (robot_state_routine_thread)', 'ThreadWatchdog', 'asyncio_0']
2026-07-08 15:53:39.137 [DEBUG   ] [ThreadWatchdog tid=7488] Watchdog snapshot: 5 alive — ['DebugMonitor', 'MainThread', 'Thread-3 (robot_state_routine_thread)', 'ThreadWatchdog', 'asyncio_0']
2026-07-08 15:53:41.138 [DEBUG   ] [ThreadWatchdog tid=7488] Watchdog snapshot: 5 alive — ['DebugMonitor', 'MainThread', 'Thread-3 (robot_state_routine_thread)', 'ThreadWatchdog', 'asyncio_0']
2026-07-08 15:53:43.139 [DEBUG   ] [ThreadWatchdog tid=7488] Watchdog snapshot: 5 alive — ['DebugMonitor', 'MainThread', 'Thread-3 (robot_state_routine_thread)', 'ThreadWatchdog', 'asyncio_0']
2026-07-08 15:53:45.140 [DEBUG   ] [ThreadWatchdog tid=7488] Watchdog snapshot: 5 alive — ['DebugMonitor', 'MainThread', 'Thread-3 (robot_state_routine_thread)', 'ThreadWatchdog', 'asyncio_0']
2026-07-08 15:53:47.142 [DEBUG   ] [ThreadWatchdog tid=7488] Watchdog snapshot: 5 alive — ['DebugMonitor', 'MainThread', 'Thread-3 (robot_state_routine_thread)', 'ThreadWatchdog', 'asyncio_0']
2026-07-08 15:53:49.143 [DEBUG   ] [ThreadWatchdog tid=7488] Watchdog snapshot: 5 alive — ['DebugMonitor', 'MainThread', 'Thread-3 (robot_state_routine_thread)', 'ThreadWatchdog', 'asyncio_0']
2026-07-08 15:53:51.144 [DEBUG   ] [ThreadWatchdog tid=7488] Watchdog snapshot: 5 alive — ['DebugMonitor', 'MainThread', 'Thread-3 (robot_state_routine_thread)', 'ThreadWatchdog', 'asyncio_0']
2026-07-08 15:53:53.145 [DEBUG   ] [ThreadWatchdog tid=7488] Watchdog snapshot: 5 alive — ['DebugMonitor', 'MainThread', 'Thread-3 (robot_state_routine_thread)', 'ThreadWatchdog', 'asyncio_0']
2026-07-08 15:53:55.147 [DEBUG   ] [ThreadWatchdog tid=7488] Watchdog snapshot: 5 alive — ['DebugMonitor', 'MainThread', 'Thread-3 (robot_state_routine_thread)', 'ThreadWatchdog', 'asyncio_0']
2026-07-08 15:53:57.147 [DEBUG   ] [ThreadWatchdog tid=7488] Watchdog snapshot: 5 alive — ['DebugMonitor', 'MainThread', 'Thread-3 (robot_state_routine_thread)', 'ThreadWatchdog', 'asyncio_0']
2026-07-08 15:53:59.149 [DEBUG   ] [ThreadWatchdog tid=7488] Watchdog snapshot: 5 alive — ['DebugMonitor', 'MainThread', 'Thread-3 (robot_state_routine_thread)', 'ThreadWatchdog', 'asyncio_0']
2026-07-08 15:54:01.150 [DEBUG   ] [ThreadWatchdog tid=7488] Watchdog snapshot: 5 alive — ['DebugMonitor', 'MainThread', 'Thread-3 (robot_state_routine_thread)', 'ThreadWatchdog', 'asyncio_0']
2026-07-08 15:54:03.152 [DEBUG   ] [ThreadWatchdog tid=7488] Watchdog snapshot: 5 alive — ['DebugMonitor', 'MainThread', 'Thread-3 (robot_state_routine_thread)', 'ThreadWatchdog', 'asyncio_0']
2026-07-08 15:54:05.153 [DEBUG   ] [ThreadWatchdog tid=7488] Watchdog snapshot: 5 alive — ['DebugMonitor', 'MainThread', 'Thread-3 (robot_state_routine_thread)', 'ThreadWatchdog', 'asyncio_0']
2026-07-08 15:54:07.155 [DEBUG   ] [ThreadWatchdog tid=7488] Watchdog snapshot: 5 alive — ['DebugMonitor', 'MainThread', 'Thread-3 (robot_state_routine_thread)', 'ThreadWatchdog', 'asyncio_0']
2026-07-08 15:54:09.156 [DEBUG   ] [ThreadWatchdog tid=7488] Watchdog snapshot: 5 alive — ['DebugMonitor', 'MainThread', 'Thread-3 (robot_state_routine_thread)', 'ThreadWatchdog', 'asyncio_0']
2026-07-08 15:54:11.157 [DEBUG   ] [ThreadWatchdog tid=7488] Watchdog snapshot: 5 alive — ['DebugMonitor', 'MainThread', 'Thread-3 (robot_state_routine_thread)', 'ThreadWatchdog', 'asyncio_0']
2026-07-08 15:54:13.158 [DEBUG   ] [ThreadWatchdog tid=7488] Watchdog snapshot: 5 alive — ['DebugMonitor', 'MainThread', 'Thread-3 (robot_state_routine_thread)', 'ThreadWatchdog', 'asyncio_0']
2026-07-08 15:54:15.159 [DEBUG   ] [ThreadWatchdog tid=7488] Watchdog snapshot: 5 alive — ['DebugMonitor', 'MainThread', 'Thread-3 (robot_state_routine_thread)', 'ThreadWatchdog', 'asyncio_0']
2026-07-08 15:54:17.160 [DEBUG   ] [ThreadWatchdog tid=7488] Watchdog snapshot: 5 alive — ['DebugMonitor', 'MainThread', 'Thread-3 (robot_state_routine_thread)', 'ThreadWatchdog', 'asyncio_0']
2026-07-08 15:54:19.162 [DEBUG   ] [ThreadWatchdog tid=7488] Watchdog snapshot: 5 alive — ['DebugMonitor', 'MainThread', 'Thread-3 (robot_state_routine_thread)', 'ThreadWatchdog', 'asyncio_0']
2026-07-08 15:54:21.163 [DEBUG   ] [ThreadWatchdog tid=7488] Watchdog snapshot: 5 alive — ['DebugMonitor', 'MainThread', 'Thread-3 (robot_state_routine_thread)', 'ThreadWatchdog', 'asyncio_0']
2026-07-08 15:54:23.165 [DEBUG   ] [ThreadWatchdog tid=7488] Watchdog snapshot: 5 alive — ['DebugMonitor', 'MainThread', 'Thread-3 (robot_state_routine_thread)', 'ThreadWatchdog', 'asyncio_0']
2026-07-08 15:54:25.165 [DEBUG   ] [ThreadWatchdog tid=7488] Watchdog snapshot: 5 alive — ['DebugMonitor', 'MainThread', 'Thread-3 (robot_state_routine_thread)', 'ThreadWatchdog', 'asyncio_0']
2026-07-08 15:54:27.167 [DEBUG   ] [ThreadWatchdog tid=7488] Watchdog snapshot: 5 alive — ['DebugMonitor', 'MainThread', 'Thread-3 (robot_state_routine_thread)', 'ThreadWatchdog', 'asyncio_0']
2026-07-08 15:54:29.168 [DEBUG   ] [ThreadWatchdog tid=7488] Watchdog snapshot: 5 alive — ['DebugMonitor', 'MainThread', 'Thread-3 (robot_state_routine_thread)', 'ThreadWatchdog', 'asyncio_0']
2026-07-08 15:54:31.169 [DEBUG   ] [ThreadWatchdog tid=7488] Watchdog snapshot: 5 alive — ['DebugMonitor', 'MainThread', 'Thread-3 (robot_state_routine_thread)', 'ThreadWatchdog', 'asyncio_0']
2026-07-08 15:54:33.170 [DEBUG   ] [ThreadWatchdog tid=7488] Watchdog snapshot: 5 alive — ['DebugMonitor', 'MainThread', 'Thread-3 (robot_state_routine_thread)', 'ThreadWatchdog', 'asyncio_0']
2026-07-08 15:54:35.171 [DEBUG   ] [ThreadWatchdog tid=7488] Watchdog snapshot: 5 alive — ['DebugMonitor', 'MainThread', 'Thread-3 (robot_state_routine_thread)', 'ThreadWatchdog', 'asyncio_0']
2026-07-08 15:54:37.173 [DEBUG   ] [ThreadWatchdog tid=7488] Watchdog snapshot: 5 alive — ['DebugMonitor', 'MainThread', 'Thread-3 (robot_state_routine_thread)', 'ThreadWatchdog', 'asyncio_0']
2026-07-08 15:54:39.174 [DEBUG   ] [ThreadWatchdog tid=7488] Watchdog snapshot: 5 alive — ['DebugMonitor', 'MainThread', 'Thread-3 (robot_state_routine_thread)', 'ThreadWatchdog', 'asyncio_0']
2026-07-08 15:54:41.175 [DEBUG   ] [ThreadWatchdog tid=7488] Watchdog snapshot: 5 alive — ['DebugMonitor', 'MainThread', 'Thread-3 (robot_state_routine_thread)', 'ThreadWatchdog', 'asyncio_0']
2026-07-08 15:54:43.177 [DEBUG   ] [ThreadWatchdog tid=7488] Watchdog snapshot: 5 alive — ['DebugMonitor', 'MainThread', 'Thread-3 (robot_state_routine_thread)', 'ThreadWatchdog', 'asyncio_0']
2026-07-08 15:54:45.178 [DEBUG   ] [ThreadWatchdog tid=7488] Watchdog snapshot: 5 alive — ['DebugMonitor', 'MainThread', 'Thread-3 (robot_state_routine_thread)', 'ThreadWatchdog', 'asyncio_0']
2026-07-08 15:54:47.179 [DEBUG   ] [ThreadWatchdog tid=7488] Watchdog snapshot: 5 alive — ['DebugMonitor', 'MainThread', 'Thread-3 (robot_state_routine_thread)', 'ThreadWatchdog', 'asyncio_0']
2026-07-08 15:54:49.180 [DEBUG   ] [ThreadWatchdog tid=7488] Watchdog snapshot: 5 alive — ['DebugMonitor', 'MainThread', 'Thread-3 (robot_state_routine_thread)', 'ThreadWatchdog', 'asyncio_0']
2026-07-08 15:54:51.181 [DEBUG   ] [ThreadWatchdog tid=7488] Watchdog snapshot: 5 alive — ['DebugMonitor', 'MainThread', 'Thread-3 (robot_state_routine_thread)', 'ThreadWatchdog', 'asyncio_0']
2026-07-08 15:54:53.182 [DEBUG   ] [ThreadWatchdog tid=7488] Watchdog snapshot: 5 alive — ['DebugMonitor', 'MainThread', 'Thread-3 (robot_state_routine_thread)', 'ThreadWatchdog', 'asyncio_0']
2026-07-08 15:54:55.184 [DEBUG   ] [ThreadWatchdog tid=7488] Watchdog snapshot: 5 alive — ['DebugMonitor', 'MainThread', 'Thread-3 (robot_state_routine_thread)', 'ThreadWatchdog', 'asyncio_0']
2026-07-08 15:54:57.185 [DEBUG   ] [ThreadWatchdog tid=7488] Watchdog snapshot: 5 alive — ['DebugMonitor', 'MainThread', 'Thread-3 (robot_state_routine_thread)', 'ThreadWatchdog', 'asyncio_0']
2026-07-08 15:54:59.187 [DEBUG   ] [ThreadWatchdog tid=7488] Watchdog snapshot: 5 alive — ['DebugMonitor', 'MainThread', 'Thread-3 (robot_state_routine_thread)', 'ThreadWatchdog', 'asyncio_0']
2026-07-08 15:55:01.188 [DEBUG   ] [ThreadWatchdog tid=7488] Watchdog snapshot: 5 alive — ['DebugMonitor', 'MainThread', 'Thread-3 (robot_state_routine_thread)', 'ThreadWatchdog', 'asyncio_0']
2026-07-08 15:55:03.189 [DEBUG   ] [ThreadWatchdog tid=7488] Watchdog snapshot: 5 alive — ['DebugMonitor', 'MainThread', 'Thread-3 (robot_state_routine_thread)', 'ThreadWatchdog', 'asyncio_0']
2026-07-08 15:55:05.190 [DEBUG   ] [ThreadWatchdog tid=7488] Watchdog snapshot: 5 alive — ['DebugMonitor', 'MainThread', 'Thread-3 (robot_state_routine_thread)', 'ThreadWatchdog', 'asyncio_0']
2026-07-08 15:55:07.192 [DEBUG   ] [ThreadWatchdog tid=7488] Watchdog snapshot: 5 alive — ['DebugMonitor', 'MainThread', 'Thread-3 (robot_state_routine_thread)', 'ThreadWatchdog', 'asyncio_0']
2026-07-08 15:55:09.193 [DEBUG   ] [ThreadWatchdog tid=7488] Watchdog snapshot: 5 alive — ['DebugMonitor', 'MainThread', 'Thread-3 (robot_state_routine_thread)', 'ThreadWatchdog', 'asyncio_0']
2026-07-08 15:55:11.194 [DEBUG   ] [ThreadWatchdog tid=7488] Watchdog snapshot: 5 alive — ['DebugMonitor', 'MainThread', 'Thread-3 (robot_state_routine_thread)', 'ThreadWatchdog', 'asyncio_0']
2026-07-08 15:55:13.195 [DEBUG   ] [ThreadWatchdog tid=7488] Watchdog snapshot: 5 alive — ['DebugMonitor', 'MainThread', 'Thread-3 (robot_state_routine_thread)', 'ThreadWatchdog', 'asyncio_0']
2026-07-08 15:55:15.197 [DEBUG   ] [ThreadWatchdog tid=7488] Watchdog snapshot: 5 alive — ['DebugMonitor', 'MainThread', 'Thread-3 (robot_state_routine_thread)', 'ThreadWatchdog', 'asyncio_0']
2026-07-08 15:55:17.199 [DEBUG   ] [ThreadWatchdog tid=7488] Watchdog snapshot: 5 alive — ['DebugMonitor', 'MainThread', 'Thread-3 (robot_state_routine_thread)', 'ThreadWatchdog', 'asyncio_0']
2026-07-08 15:55:19.201 [DEBUG   ] [ThreadWatchdog tid=7488] Watchdog snapshot: 5 alive — ['DebugMonitor', 'MainThread', 'Thread-3 (robot_state_routine_thread)', 'ThreadWatchdog', 'asyncio_0']
2026-07-08 15:55:21.202 [DEBUG   ] [ThreadWatchdog tid=7488] Watchdog snapshot: 5 alive — ['DebugMonitor', 'MainThread', 'Thread-3 (robot_state_routine_thread)', 'ThreadWatchdog', 'asyncio_0']
2026-07-08 15:55:23.203 [DEBUG   ] [ThreadWatchdog tid=7488] Watchdog snapshot: 5 alive — ['DebugMonitor', 'MainThread', 'Thread-3 (robot_state_routine_thread)', 'ThreadWatchdog', 'asyncio_0']
2026-07-08 15:55:25.205 [DEBUG   ] [ThreadWatchdog tid=7488] Watchdog snapshot: 5 alive — ['DebugMonitor', 'MainThread', 'Thread-3 (robot_state_routine_thread)', 'ThreadWatchdog', 'asyncio_0']
2026-07-08 15:55:27.205 [DEBUG   ] [ThreadWatchdog tid=7488] Watchdog snapshot: 5 alive — ['DebugMonitor', 'MainThread', 'Thread-3 (robot_state_routine_thread)', 'ThreadWatchdog', 'asyncio_0']
2026-07-08 15:55:29.207 [DEBUG   ] [ThreadWatchdog tid=7488] Watchdog snapshot: 5 alive — ['DebugMonitor', 'MainThread', 'Thread-3 (robot_state_routine_thread)', 'ThreadWatchdog', 'asyncio_0']
2026-07-08 15:55:31.208 [DEBUG   ] [ThreadWatchdog tid=7488] Watchdog snapshot: 5 alive — ['DebugMonitor', 'MainThread', 'Thread-3 (robot_state_routine_thread)', 'ThreadWatchdog', 'asyncio_0']
2026-07-08 15:55:33.210 [DEBUG   ] [ThreadWatchdog tid=7488] Watchdog snapshot: 5 alive — ['DebugMonitor', 'MainThread', 'Thread-3 (robot_state_routine_thread)', 'ThreadWatchdog', 'asyncio_0']
2026-07-08 15:55:35.211 [DEBUG   ] [ThreadWatchdog tid=7488] Watchdog snapshot: 5 alive — ['DebugMonitor', 'MainThread', 'Thread-3 (robot_state_routine_thread)', 'ThreadWatchdog', 'asyncio_0']
2026-07-08 15:55:37.212 [DEBUG   ] [ThreadWatchdog tid=7488] Watchdog snapshot: 5 alive — ['DebugMonitor', 'MainThread', 'Thread-3 (robot_state_routine_thread)', 'ThreadWatchdog', 'asyncio_0']
2026-07-08 15:55:39.213 [DEBUG   ] [ThreadWatchdog tid=7488] Watchdog snapshot: 5 alive — ['DebugMonitor', 'MainThread', 'Thread-3 (robot_state_routine_thread)', 'ThreadWatchdog', 'asyncio_0']
2026-07-08 15:55:41.215 [DEBUG   ] [ThreadWatchdog tid=7488] Watchdog snapshot: 5 alive — ['DebugMonitor', 'MainThread', 'Thread-3 (robot_state_routine_thread)', 'ThreadWatchdog', 'asyncio_0']
2026-07-08 15:55:43.216 [DEBUG   ] [ThreadWatchdog tid=7488] Watchdog snapshot: 5 alive — ['DebugMonitor', 'MainThread', 'Thread-3 (robot_state_routine_thread)', 'ThreadWatchdog', 'asyncio_0']
2026-07-08 15:55:45.217 [DEBUG   ] [ThreadWatchdog tid=7488] Watchdog snapshot: 5 alive — ['DebugMonitor', 'MainThread', 'Thread-3 (robot_state_routine_thread)', 'ThreadWatchdog', 'asyncio_0']
2026-07-08 15:55:47.218 [DEBUG   ] [ThreadWatchdog tid=7488] Watchdog snapshot: 5 alive — ['DebugMonitor', 'MainThread', 'Thread-3 (robot_state_routine_thread)', 'ThreadWatchdog', 'asyncio_0']
2026-07-08 15:55:49.219 [DEBUG   ] [ThreadWatchdog tid=7488] Watchdog snapshot: 5 alive — ['DebugMonitor', 'MainThread', 'Thread-3 (robot_state_routine_thread)', 'ThreadWatchdog', 'asyncio_0']
2026-07-08 15:55:51.221 [DEBUG   ] [ThreadWatchdog tid=7488] Watchdog snapshot: 5 alive — ['DebugMonitor', 'MainThread', 'Thread-3 (robot_state_routine_thread)', 'ThreadWatchdog', 'asyncio_0']
2026-07-08 15:55:53.225 [DEBUG   ] [ThreadWatchdog tid=7488] Watchdog snapshot: 5 alive — ['DebugMonitor', 'MainThread', 'Thread-3 (robot_state_routine_thread)', 'ThreadWatchdog', 'asyncio_0']
2026-07-08 15:55:55.226 [DEBUG   ] [ThreadWatchdog tid=7488] Watchdog snapshot: 5 alive — ['DebugMonitor', 'MainThread', 'Thread-3 (robot_state_routine_thread)', 'ThreadWatchdog', 'asyncio_0']
2026-07-08 15:55:57.227 [DEBUG   ] [ThreadWatchdog tid=7488] Watchdog snapshot: 5 alive — ['DebugMonitor', 'MainThread', 'Thread-3 (robot_state_routine_thread)', 'ThreadWatchdog', 'asyncio_0']
2026-07-08 15:55:59.228 [DEBUG   ] [ThreadWatchdog tid=7488] Watchdog snapshot: 5 alive — ['DebugMonitor', 'MainThread', 'Thread-3 (robot_state_routine_thread)', 'ThreadWatchdog', 'asyncio_0']
2026-07-08 15:56:01.229 [DEBUG   ] [ThreadWatchdog tid=7488] Watchdog snapshot: 5 alive — ['DebugMonitor', 'MainThread', 'Thread-3 (robot_state_routine_thread)', 'ThreadWatchdog', 'asyncio_0']
2026-07-08 15:56:03.230 [DEBUG   ] [ThreadWatchdog tid=7488] Watchdog snapshot: 5 alive — ['DebugMonitor', 'MainThread', 'Thread-3 (robot_state_routine_thread)', 'ThreadWatchdog', 'asyncio_0']
2026-07-08 15:56:05.231 [DEBUG   ] [ThreadWatchdog tid=7488] Watchdog snapshot: 5 alive — ['DebugMonitor', 'MainThread', 'Thread-3 (robot_state_routine_thread)', 'ThreadWatchdog', 'asyncio_0']
2026-07-08 15:56:07.233 [DEBUG   ] [ThreadWatchdog tid=7488] Watchdog snapshot: 5 alive — ['DebugMonitor', 'MainThread', 'Thread-3 (robot_state_routine_thread)', 'ThreadWatchdog', 'asyncio_0']
2026-07-08 15:56:09.234 [DEBUG   ] [ThreadWatchdog tid=7488] Watchdog snapshot: 5 alive — ['DebugMonitor', 'MainThread', 'Thread-3 (robot_state_routine_thread)', 'ThreadWatchdog', 'asyncio_0']
2026-07-08 15:56:11.235 [DEBUG   ] [ThreadWatchdog tid=7488] Watchdog snapshot: 5 alive — ['DebugMonitor', 'MainThread', 'Thread-3 (robot_state_routine_thread)', 'ThreadWatchdog', 'asyncio_0']
2026-07-08 15:56:13.237 [DEBUG   ] [ThreadWatchdog tid=7488] Watchdog snapshot: 5 alive — ['DebugMonitor', 'MainThread', 'Thread-3 (robot_state_routine_thread)', 'ThreadWatchdog', 'asyncio_0']
2026-07-08 15:56:15.239 [DEBUG   ] [ThreadWatchdog tid=7488] Watchdog snapshot: 5 alive — ['DebugMonitor', 'MainThread', 'Thread-3 (robot_state_routine_thread)', 'ThreadWatchdog', 'asyncio_0']
2026-07-08 15:56:17.240 [DEBUG   ] [ThreadWatchdog tid=7488] Watchdog snapshot: 5 alive — ['DebugMonitor', 'MainThread', 'Thread-3 (robot_state_routine_thread)', 'ThreadWatchdog', 'asyncio_0']
2026-07-08 15:56:19.242 [DEBUG   ] [ThreadWatchdog tid=7488] Watchdog snapshot: 5 alive — ['DebugMonitor', 'MainThread', 'Thread-3 (robot_state_routine_thread)', 'ThreadWatchdog', 'asyncio_0']
2026-07-08 15:56:21.243 [DEBUG   ] [ThreadWatchdog tid=7488] Watchdog snapshot: 5 alive — ['DebugMonitor', 'MainThread', 'Thread-3 (robot_state_routine_thread)', 'ThreadWatchdog', 'asyncio_0']
2026-07-08 15:56:23.244 [DEBUG   ] [ThreadWatchdog tid=7488] Watchdog snapshot: 5 alive — ['DebugMonitor', 'MainThread', 'Thread-3 (robot_state_routine_thread)', 'ThreadWatchdog', 'asyncio_0']
2026-07-08 15:56:25.245 [DEBUG   ] [ThreadWatchdog tid=7488] Watchdog snapshot: 5 alive — ['DebugMonitor', 'MainThread', 'Thread-3 (robot_state_routine_thread)', 'ThreadWatchdog', 'asyncio_0']
2026-07-08 15:56:27.247 [DEBUG   ] [ThreadWatchdog tid=7488] Watchdog snapshot: 5 alive — ['DebugMonitor', 'MainThread', 'Thread-3 (robot_state_routine_thread)', 'ThreadWatchdog', 'asyncio_0']
2026-07-08 15:56:29.248 [DEBUG   ] [ThreadWatchdog tid=7488] Watchdog snapshot: 5 alive — ['DebugMonitor', 'MainThread', 'Thread-3 (robot_state_routine_thread)', 'ThreadWatchdog', 'asyncio_0']
2026-07-08 15:56:31.249 [DEBUG   ] [ThreadWatchdog tid=7488] Watchdog snapshot: 5 alive — ['DebugMonitor', 'MainThread', 'Thread-3 (robot_state_routine_thread)', 'ThreadWatchdog', 'asyncio_0']
2026-07-08 15:56:33.250 [DEBUG   ] [ThreadWatchdog tid=7488] Watchdog snapshot: 5 alive — ['DebugMonitor', 'MainThread', 'Thread-3 (robot_state_routine_thread)', 'ThreadWatchdog', 'asyncio_0']
2026-07-08 15:56:35.252 [DEBUG   ] [ThreadWatchdog tid=7488] Watchdog snapshot: 5 alive — ['DebugMonitor', 'MainThread', 'Thread-3 (robot_state_routine_thread)', 'ThreadWatchdog', 'asyncio_0']
2026-07-08 15:56:37.253 [DEBUG   ] [ThreadWatchdog tid=7488] Watchdog snapshot: 5 alive — ['DebugMonitor', 'MainThread', 'Thread-3 (robot_state_routine_thread)', 'ThreadWatchdog', 'asyncio_0']
2026-07-08 15:56:39.254 [DEBUG   ] [ThreadWatchdog tid=7488] Watchdog snapshot: 5 alive — ['DebugMonitor', 'MainThread', 'Thread-3 (robot_state_routine_thread)', 'ThreadWatchdog', 'asyncio_0']
2026-07-08 15:56:41.255 [DEBUG   ] [ThreadWatchdog tid=7488] Watchdog snapshot: 5 alive — ['DebugMonitor', 'MainThread', 'Thread-3 (robot_state_routine_thread)', 'ThreadWatchdog', 'asyncio_0']
2026-07-08 15:56:43.256 [DEBUG   ] [ThreadWatchdog tid=7488] Watchdog snapshot: 5 alive — ['DebugMonitor', 'MainThread', 'Thread-3 (robot_state_routine_thread)', 'ThreadWatchdog', 'asyncio_0']
2026-07-08 15:56:45.257 [DEBUG   ] [ThreadWatchdog tid=7488] Watchdog snapshot: 5 alive — ['DebugMonitor', 'MainThread', 'Thread-3 (robot_state_routine_thread)', 'ThreadWatchdog', 'asyncio_0']
2026-07-08 15:56:47.259 [DEBUG   ] [ThreadWatchdog tid=7488] Watchdog snapshot: 5 alive — ['DebugMonitor', 'MainThread', 'Thread-3 (robot_state_routine_thread)', 'ThreadWatchdog', 'asyncio_0']
2026-07-08 15:56:48.152 [INFO    ] [app-main tid=20072] [App] _run_main started
2026-07-08 15:56:49.260 [DEBUG   ] [ThreadWatchdog tid=7488] Watchdog: + thread appeared 'app-main' (daemon=True)
2026-07-08 15:56:49.260 [DEBUG   ] [ThreadWatchdog tid=7488] Watchdog: + thread appeared 'cam-useeplus-decode' (daemon=True)
2026-07-08 15:56:49.261 [DEBUG   ] [ThreadWatchdog tid=7488] Watchdog: + thread appeared 'Thread-4 (robot_state_routine_thread)' (daemon=True)
2026-07-08 15:56:49.262 [DEBUG   ] [ThreadWatchdog tid=7488] Watchdog: + thread appeared 'camera-_useeplus' (daemon=True)
2026-07-08 15:56:49.262 [DEBUG   ] [ThreadWatchdog tid=7488] Watchdog snapshot: 9 alive — ['DebugMonitor', 'MainThread', 'Thread-3 (robot_state_routine_thread)', 'Thread-4 (robot_state_routine_thread)', 'ThreadWatchdog', 'app-main', 'asyncio_0', 'cam-useeplus-decode', 'camera-_useeplus']
2026-07-08 15:56:50.470 [INFO    ] [app-main tid=20072] [App] Ready — waiting for trigger DI0
2026-07-08 15:56:50.471 [WARNING ] [app-main tid=20072] [App] GetDI error: unsupported operand type(s) for &: '_ctypes.CField' and 'int' — retrying...
2026-07-08 15:56:51.264 [DEBUG   ] [ThreadWatchdog tid=7488] Watchdog snapshot: 9 alive — ['DebugMonitor', 'MainThread', 'Thread-3 (robot_state_routine_thread)', 'Thread-4 (robot_state_routine_thread)', 'ThreadWatchdog', 'app-main', 'asyncio_0', 'cam-useeplus-decode', 'camera-_useeplus']
2026-07-08 15:56:51.474 [WARNING ] [app-main tid=20072] [App] GetDI error: unsupported operand type(s) for &: '_ctypes.CField' and 'int' — retrying...
2026-07-08 15:56:52.476 [WARNING ] [app-main tid=20072] [App] GetDI error: unsupported operand type(s) for &: '_ctypes.CField' and 'int' — retrying...
2026-07-08 15:56:53.265 [DEBUG   ] [ThreadWatchdog tid=7488] Watchdog snapshot: 9 alive — ['DebugMonitor', 'MainThread', 'Thread-3 (robot_state_routine_thread)', 'Thread-4 (robot_state_routine_thread)', 'ThreadWatchdog', 'app-main', 'asyncio_0', 'cam-useeplus-decode', 'camera-_useeplus']
2026-07-08 15:56:53.477 [WARNING ] [app-main tid=20072] [App] GetDI error: unsupported operand type(s) for &: '_ctypes.CField' and 'int' — retrying...
2026-07-08 15:56:54.478 [WARNING ] [app-main tid=20072] [App] GetDI error: unsupported operand type(s) for &: '_ctypes.CField' and 'int' — retrying...
2026-07-08 15:56:55.267 [DEBUG   ] [ThreadWatchdog tid=7488] Watchdog snapshot: 9 alive — ['DebugMonitor', 'MainThread', 'Thread-3 (robot_state_routine_thread)', 'Thread-4 (robot_state_routine_thread)', 'ThreadWatchdog', 'app-main', 'asyncio_0', 'cam-useeplus-decode', 'camera-_useeplus']
2026-07-08 15:56:55.479 [WARNING ] [app-main tid=20072] [App] GetDI error: unsupported operand type(s) for &: '_ctypes.CField' and 'int' — retrying...
2026-07-08 15:56:56.481 [WARNING ] [app-main tid=20072] [App] GetDI error: unsupported operand type(s) for &: '_ctypes.CField' and 'int' — retrying...
2026-07-08 15:56:57.268 [DEBUG   ] [ThreadWatchdog tid=7488] Watchdog snapshot: 9 alive — ['DebugMonitor', 'MainThread', 'Thread-3 (robot_state_routine_thread)', 'Thread-4 (robot_state_routine_thread)', 'ThreadWatchdog', 'app-main', 'asyncio_0', 'cam-useeplus-decode', 'camera-_useeplus']
2026-07-08 15:56:57.483 [WARNING ] [app-main tid=20072] [App] GetDI error: unsupported operand type(s) for &: '_ctypes.CField' and 'int' — retrying...
2026-07-08 15:56:58.484 [WARNING ] [app-main tid=20072] [App] GetDI error: unsupported operand type(s) for &: '_ctypes.CField' and 'int' — retrying...
2026-07-08 15:56:59.269 [DEBUG   ] [ThreadWatchdog tid=7488] Watchdog snapshot: 9 alive — ['DebugMonitor', 'MainThread', 'Thread-3 (robot_state_routine_thread)', 'Thread-4 (robot_state_routine_thread)', 'ThreadWatchdog', 'app-main', 'asyncio_0', 'cam-useeplus-decode', 'camera-_useeplus']
2026-07-08 15:56:59.486 [WARNING ] [app-main tid=20072] [App] GetDI error: unsupported operand type(s) for &: '_ctypes.CField' and 'int' — retrying...
2026-07-08 15:57:00.488 [WARNING ] [app-main tid=20072] [App] GetDI error: unsupported operand type(s) for &: '_ctypes.CField' and 'int' — retrying...
2026-07-08 15:57:01.270 [DEBUG   ] [ThreadWatchdog tid=7488] Watchdog snapshot: 9 alive — ['DebugMonitor', 'MainThread', 'Thread-3 (robot_state_routine_thread)', 'Thread-4 (robot_state_routine_thread)', 'ThreadWatchdog', 'app-main', 'asyncio_0', 'cam-useeplus-decode', 'camera-_useeplus']
2026-07-08 15:57:01.490 [WARNING ] [app-main tid=20072] [App] GetDI error: unsupported operand type(s) for &: '_ctypes.CField' and 'int' — retrying...
2026-07-08 15:57:02.492 [WARNING ] [app-main tid=20072] [App] GetDI error: unsupported operand type(s) for &: '_ctypes.CField' and 'int' — retrying...
2026-07-08 15:57:03.272 [DEBUG   ] [ThreadWatchdog tid=7488] Watchdog snapshot: 9 alive — ['DebugMonitor', 'MainThread', 'Thread-3 (robot_state_routine_thread)', 'Thread-4 (robot_state_routine_thread)', 'ThreadWatchdog', 'app-main', 'asyncio_0', 'cam-useeplus-decode', 'camera-_useeplus']
2026-07-08 15:57:03.494 [WARNING ] [app-main tid=20072] [App] GetDI error: unsupported operand type(s) for &: '_ctypes.CField' and 'int' — retrying...
2026-07-08 15:57:04.495 [WARNING ] [app-main tid=20072] [App] GetDI error: unsupported operand type(s) for &: '_ctypes.CField' and 'int' — retrying...
2026-07-08 15:57:05.273 [DEBUG   ] [ThreadWatchdog tid=7488] Watchdog snapshot: 9 alive — ['DebugMonitor', 'MainThread', 'Thread-3 (robot_state_routine_thread)', 'Thread-4 (robot_state_routine_thread)', 'ThreadWatchdog', 'app-main', 'asyncio_0', 'cam-useeplus-decode', 'camera-_useeplus']
2026-07-08 15:57:05.496 [WARNING ] [app-main tid=20072] [App] GetDI error: unsupported operand type(s) for &: '_ctypes.CField' and 'int' — retrying...
2026-07-08 15:57:06.498 [WARNING ] [app-main tid=20072] [App] GetDI error: unsupported operand type(s) for &: '_ctypes.CField' and 'int' — retrying...
2026-07-08 15:57:07.275 [DEBUG   ] [ThreadWatchdog tid=7488] Watchdog snapshot: 9 alive — ['DebugMonitor', 'MainThread', 'Thread-3 (robot_state_routine_thread)', 'Thread-4 (robot_state_routine_thread)', 'ThreadWatchdog', 'app-main', 'asyncio_0', 'cam-useeplus-decode', 'camera-_useeplus']
2026-07-08 15:57:07.499 [WARNING ] [app-main tid=20072] [App] GetDI error: unsupported operand type(s) for &: '_ctypes.CField' and 'int' — retrying...
2026-07-08 15:57:08.501 [WARNING ] [app-main tid=20072] [App] GetDI error: unsupported operand type(s) for &: '_ctypes.CField' and 'int' — retrying...
2026-07-08 15:57:09.276 [DEBUG   ] [ThreadWatchdog tid=7488] Watchdog snapshot: 9 alive — ['DebugMonitor', 'MainThread', 'Thread-3 (robot_state_routine_thread)', 'Thread-4 (robot_state_routine_thread)', 'ThreadWatchdog', 'app-main', 'asyncio_0', 'cam-useeplus-decode', 'camera-_useeplus']
2026-07-08 15:57:09.502 [WARNING ] [app-main tid=20072] [App] GetDI error: unsupported operand type(s) for &: '_ctypes.CField' and 'int' — retrying...
2026-07-08 15:57:10.503 [WARNING ] [app-main tid=20072] [App] GetDI error: unsupported operand type(s) for &: '_ctypes.CField' and 'int' — retrying...
2026-07-08 15:57:11.277 [DEBUG   ] [ThreadWatchdog tid=7488] Watchdog snapshot: 9 alive — ['DebugMonitor', 'MainThread', 'Thread-3 (robot_state_routine_thread)', 'Thread-4 (robot_state_routine_thread)', 'ThreadWatchdog', 'app-main', 'asyncio_0', 'cam-useeplus-decode', 'camera-_useeplus']
2026-07-08 15:57:11.505 [WARNING ] [app-main tid=20072] [App] GetDI error: unsupported operand type(s) for &: '_ctypes.CField' and 'int' — retrying...
2026-07-08 15:57:12.506 [WARNING ] [app-main tid=20072] [App] GetDI error: unsupported operand type(s) for &: '_ctypes.CField' and 'int' — retrying...
2026-07-08 15:57:13.278 [DEBUG   ] [ThreadWatchdog tid=7488] Watchdog snapshot: 9 alive — ['DebugMonitor', 'MainThread', 'Thread-3 (robot_state_routine_thread)', 'Thread-4 (robot_state_routine_thread)', 'ThreadWatchdog', 'app-main', 'asyncio_0', 'cam-useeplus-decode', 'camera-_useeplus']
2026-07-08 15:57:13.507 [WARNING ] [app-main tid=20072] [App] GetDI error: unsupported operand type(s) for &: '_ctypes.CField' and 'int' — retrying...
2026-07-08 15:57:14.509 [WARNING ] [app-main tid=20072] [App] GetDI error: unsupported operand type(s) for &: '_ctypes.CField' and 'int' — retrying...
2026-07-08 15:57:15.279 [DEBUG   ] [ThreadWatchdog tid=7488] Watchdog: + thread appeared 'asyncio_1' (daemon=False)
2026-07-08 15:57:15.279 [DEBUG   ] [ThreadWatchdog tid=7488] Watchdog snapshot: 10 alive — ['DebugMonitor', 'MainThread', 'Thread-3 (robot_state_routine_thread)', 'Thread-4 (robot_state_routine_thread)', 'ThreadWatchdog', 'app-main', 'asyncio_0', 'asyncio_1', 'cam-useeplus-decode', 'camera-_useeplus']
2026-07-08 15:57:15.510 [WARNING ] [app-main tid=20072] [App] GetDI error: unsupported operand type(s) for &: '_ctypes.CField' and 'int' — retrying...
2026-07-08 15:57:16.512 [WARNING ] [app-main tid=20072] [App] GetDI error: unsupported operand type(s) for &: '_ctypes.CField' and 'int' — retrying...
2026-07-08 15:57:17.280 [DEBUG   ] [ThreadWatchdog tid=7488] Watchdog snapshot: 10 alive — ['DebugMonitor', 'MainThread', 'Thread-3 (robot_state_routine_thread)', 'Thread-4 (robot_state_routine_thread)', 'ThreadWatchdog', 'app-main', 'asyncio_0', 'asyncio_1', 'cam-useeplus-decode', 'camera-_useeplus']
2026-07-08 15:57:17.513 [WARNING ] [app-main tid=20072] [App] GetDI error: unsupported operand type(s) for &: '_ctypes.CField' and 'int' — retrying...
2026-07-08 15:57:18.514 [WARNING ] [app-main tid=20072] [App] GetDI error: unsupported operand type(s) for &: '_ctypes.CField' and 'int' — retrying...
2026-07-08 15:57:19.281 [DEBUG   ] [ThreadWatchdog tid=7488] Watchdog snapshot: 10 alive — ['DebugMonitor', 'MainThread', 'Thread-3 (robot_state_routine_thread)', 'Thread-4 (robot_state_routine_thread)', 'ThreadWatchdog', 'app-main', 'asyncio_0', 'asyncio_1', 'cam-useeplus-decode', 'camera-_useeplus']
2026-07-08 15:57:19.516 [WARNING ] [app-main tid=20072] [App] GetDI error: unsupported operand type(s) for &: '_ctypes.CField' and 'int' — retrying...
2026-07-08 15:57:20.517 [WARNING ] [app-main tid=20072] [App] GetDI error: unsupported operand type(s) for &: '_ctypes.CField' and 'int' — retrying...
2026-07-08 15:57:21.282 [DEBUG   ] [ThreadWatchdog tid=7488] Watchdog snapshot: 10 alive — ['DebugMonitor', 'MainThread', 'Thread-3 (robot_state_routine_thread)', 'Thread-4 (robot_state_routine_thread)', 'ThreadWatchdog', 'app-main', 'asyncio_0', 'asyncio_1', 'cam-useeplus-decode', 'camera-_useeplus']
2026-07-08 15:57:21.518 [WARNING ] [app-main tid=20072] [App] GetDI error: unsupported operand type(s) for &: '_ctypes.CField' and 'int' — retrying...
2026-07-08 15:57:22.520 [WARNING ] [app-main tid=20072] [App] GetDI error: unsupported operand type(s) for &: '_ctypes.CField' and 'int' — retrying...
2026-07-08 15:57:23.283 [DEBUG   ] [ThreadWatchdog tid=7488] Watchdog snapshot: 10 alive — ['DebugMonitor', 'MainThread', 'Thread-3 (robot_state_routine_thread)', 'Thread-4 (robot_state_routine_thread)', 'ThreadWatchdog', 'app-main', 'asyncio_0', 'asyncio_1', 'cam-useeplus-decode', 'camera-_useeplus']
2026-07-08 15:57:23.521 [WARNING ] [app-main tid=20072] [App] GetDI error: unsupported operand type(s) for &: '_ctypes.CField' and 'int' — retrying...
2026-07-08 15:57:24.523 [WARNING ] [app-main tid=20072] [App] GetDI error: unsupported operand type(s) for &: '_ctypes.CField' and 'int' — retrying...
2026-07-08 15:57:25.284 [DEBUG   ] [ThreadWatchdog tid=7488] Watchdog snapshot: 10 alive — ['DebugMonitor', 'MainThread', 'Thread-3 (robot_state_routine_thread)', 'Thread-4 (robot_state_routine_thread)', 'ThreadWatchdog', 'app-main', 'asyncio_0', 'asyncio_1', 'cam-useeplus-decode', 'camera-_useeplus']
2026-07-08 15:57:25.524 [WARNING ] [app-main tid=20072] [App] GetDI error: unsupported operand type(s) for &: '_ctypes.CField' and 'int' — retrying...
2026-07-08 15:57:26.526 [WARNING ] [app-main tid=20072] [App] GetDI error: unsupported operand type(s) for &: '_ctypes.CField' and 'int' — retrying...
2026-07-08 15:57:27.286 [DEBUG   ] [ThreadWatchdog tid=7488] Watchdog snapshot: 10 alive — ['DebugMonitor', 'MainThread', 'Thread-3 (robot_state_routine_thread)', 'Thread-4 (robot_state_routine_thread)', 'ThreadWatchdog', 'app-main', 'asyncio_0', 'asyncio_1', 'cam-useeplus-decode', 'camera-_useeplus']
2026-07-08 15:57:27.527 [WARNING ] [app-main tid=20072] [App] GetDI error: unsupported operand type(s) for &: '_ctypes.CField' and 'int' — retrying...
2026-07-08 15:57:28.528 [WARNING ] [app-main tid=20072] [App] GetDI error: unsupported operand type(s) for &: '_ctypes.CField' and 'int' — retrying...
2026-07-08 15:57:29.288 [DEBUG   ] [ThreadWatchdog tid=7488] Watchdog snapshot: 10 alive — ['DebugMonitor', 'MainThread', 'Thread-3 (robot_state_routine_thread)', 'Thread-4 (robot_state_routine_thread)', 'ThreadWatchdog', 'app-main', 'asyncio_0', 'asyncio_1', 'cam-useeplus-decode', 'camera-_useeplus']
2026-07-08 15:57:29.529 [WARNING ] [app-main tid=20072] [App] GetDI error: unsupported operand type(s) for &: '_ctypes.CField' and 'int' — retrying...
2026-07-08 15:57:30.531 [WARNING ] [app-main tid=20072] [App] GetDI error: unsupported operand type(s) for &: '_ctypes.CField' and 'int' — retrying...
2026-07-08 15:57:31.289 [DEBUG   ] [ThreadWatchdog tid=7488] Watchdog snapshot: 10 alive — ['DebugMonitor', 'MainThread', 'Thread-3 (robot_state_routine_thread)', 'Thread-4 (robot_state_routine_thread)', 'ThreadWatchdog', 'app-main', 'asyncio_0', 'asyncio_1', 'cam-useeplus-decode', 'camera-_useeplus']
2026-07-08 15:57:31.532 [WARNING ] [app-main tid=20072] [App] GetDI error: unsupported operand type(s) for &: '_ctypes.CField' and 'int' — retrying...
2026-07-08 15:57:32.534 [WARNING ] [app-main tid=20072] [App] GetDI error: unsupported operand type(s) for &: '_ctypes.CField' and 'int' — retrying...
2026-07-08 15:57:33.291 [DEBUG   ] [ThreadWatchdog tid=7488] Watchdog snapshot: 10 alive — ['DebugMonitor', 'MainThread', 'Thread-3 (robot_state_routine_thread)', 'Thread-4 (robot_state_routine_thread)', 'ThreadWatchdog', 'app-main', 'asyncio_0', 'asyncio_1', 'cam-useeplus-decode', 'camera-_useeplus']
2026-07-08 15:57:33.535 [WARNING ] [app-main tid=20072] [App] GetDI error: unsupported operand type(s) for &: '_ctypes.CField' and 'int' — retrying...
2026-07-08 15:57:34.538 [WARNING ] [app-main tid=20072] [App] GetDI error: unsupported operand type(s) for &: '_ctypes.CField' and 'int' — retrying...
2026-07-08 15:57:35.291 [DEBUG   ] [ThreadWatchdog tid=7488] Watchdog snapshot: 10 alive — ['DebugMonitor', 'MainThread', 'Thread-3 (robot_state_routine_thread)', 'Thread-4 (robot_state_routine_thread)', 'ThreadWatchdog', 'app-main', 'asyncio_0', 'asyncio_1', 'cam-useeplus-decode', 'camera-_useeplus']
2026-07-08 15:57:35.538 [WARNING ] [app-main tid=20072] [App] GetDI error: unsupported operand type(s) for &: '_ctypes.CField' and 'int' — retrying...
2026-07-08 15:57:36.539 [WARNING ] [app-main tid=20072] [App] GetDI error: unsupported operand type(s) for &: '_ctypes.CField' and 'int' — retrying...
2026-07-08 15:57:37.292 [DEBUG   ] [ThreadWatchdog tid=7488] Watchdog snapshot: 10 alive — ['DebugMonitor', 'MainThread', 'Thread-3 (robot_state_routine_thread)', 'Thread-4 (robot_state_routine_thread)', 'ThreadWatchdog', 'app-main', 'asyncio_0', 'asyncio_1', 'cam-useeplus-decode', 'camera-_useeplus']
2026-07-08 15:57:37.540 [WARNING ] [app-main tid=20072] [App] GetDI error: unsupported operand type(s) for &: '_ctypes.CField' and 'int' — retrying...
2026-07-08 15:57:38.541 [WARNING ] [app-main tid=20072] [App] GetDI error: unsupported operand type(s) for &: '_ctypes.CField' and 'int' — retrying...
2026-07-08 15:57:39.293 [DEBUG   ] [ThreadWatchdog tid=7488] Watchdog snapshot: 10 alive — ['DebugMonitor', 'MainThread', 'Thread-3 (robot_state_routine_thread)', 'Thread-4 (robot_state_routine_thread)', 'ThreadWatchdog', 'app-main', 'asyncio_0', 'asyncio_1', 'cam-useeplus-decode', 'camera-_useeplus']
2026-07-08 15:57:39.542 [WARNING ] [app-main tid=20072] [App] GetDI error: unsupported operand type(s) for &: '_ctypes.CField' and 'int' — retrying...
2026-07-08 15:57:40.543 [WARNING ] [app-main tid=20072] [App] GetDI error: unsupported operand type(s) for &: '_ctypes.CField' and 'int' — retrying...
2026-07-08 15:57:41.294 [DEBUG   ] [ThreadWatchdog tid=7488] Watchdog snapshot: 10 alive — ['DebugMonitor', 'MainThread', 'Thread-3 (robot_state_routine_thread)', 'Thread-4 (robot_state_routine_thread)', 'ThreadWatchdog', 'app-main', 'asyncio_0', 'asyncio_1', 'cam-useeplus-decode', 'camera-_useeplus']
2026-07-08 15:57:41.544 [WARNING ] [app-main tid=20072] [App] GetDI error: unsupported operand type(s) for &: '_ctypes.CField' and 'int' — retrying...
2026-07-08 15:57:42.545 [WARNING ] [app-main tid=20072] [App] GetDI error: unsupported operand type(s) for &: '_ctypes.CField' and 'int' — retrying...
2026-07-08 15:57:43.295 [DEBUG   ] [ThreadWatchdog tid=7488] Watchdog snapshot: 10 alive — ['DebugMonitor', 'MainThread', 'Thread-3 (robot_state_routine_thread)', 'Thread-4 (robot_state_routine_thread)', 'ThreadWatchdog', 'app-main', 'asyncio_0', 'asyncio_1', 'cam-useeplus-decode', 'camera-_useeplus']
2026-07-08 15:57:43.546 [WARNING ] [app-main tid=20072] [App] GetDI error: unsupported operand type(s) for &: '_ctypes.CField' and 'int' — retrying...
2026-07-08 15:57:44.547 [WARNING ] [app-main tid=20072] [App] GetDI error: unsupported operand type(s) for &: '_ctypes.CField' and 'int' — retrying...
2026-07-08 15:57:45.296 [DEBUG   ] [ThreadWatchdog tid=7488] Watchdog snapshot: 10 alive — ['DebugMonitor', 'MainThread', 'Thread-3 (robot_state_routine_thread)', 'Thread-4 (robot_state_routine_thread)', 'ThreadWatchdog', 'app-main', 'asyncio_0', 'asyncio_1', 'cam-useeplus-decode', 'camera-_useeplus']
2026-07-08 15:57:45.548 [WARNING ] [app-main tid=20072] [App] GetDI error: unsupported operand type(s) for &: '_ctypes.CField' and 'int' — retrying...
2026-07-08 15:57:46.549 [WARNING ] [app-main tid=20072] [App] GetDI error: unsupported operand type(s) for &: '_ctypes.CField' and 'int' — retrying...
2026-07-08 15:57:47.297 [DEBUG   ] [ThreadWatchdog tid=7488] Watchdog snapshot: 10 alive — ['DebugMonitor', 'MainThread', 'Thread-3 (robot_state_routine_thread)', 'Thread-4 (robot_state_routine_thread)', 'ThreadWatchdog', 'app-main', 'asyncio_0', 'asyncio_1', 'cam-useeplus-decode', 'camera-_useeplus']
2026-07-08 15:57:47.550 [WARNING ] [app-main tid=20072] [App] GetDI error: unsupported operand type(s) for &: '_ctypes.CField' and 'int' — retrying...
2026-07-08 15:57:48.551 [WARNING ] [app-main tid=20072] [App] GetDI error: unsupported operand type(s) for &: '_ctypes.CField' and 'int' — retrying...
2026-07-08 15:57:49.297 [DEBUG   ] [ThreadWatchdog tid=7488] Watchdog snapshot: 10 alive — ['DebugMonitor', 'MainThread', 'Thread-3 (robot_state_routine_thread)', 'Thread-4 (robot_state_routine_thread)', 'ThreadWatchdog', 'app-main', 'asyncio_0', 'asyncio_1', 'cam-useeplus-decode', 'camera-_useeplus']
2026-07-08 15:57:49.553 [WARNING ] [app-main tid=20072] [App] GetDI error: unsupported operand type(s) for &: '_ctypes.CField' and 'int' — retrying...
2026-07-08 15:57:50.554 [WARNING ] [app-main tid=20072] [App] GetDI error: unsupported operand type(s) for &: '_ctypes.CField' and 'int' — retrying...
2026-07-08 15:57:51.298 [DEBUG   ] [ThreadWatchdog tid=7488] Watchdog snapshot: 10 alive — ['DebugMonitor', 'MainThread', 'Thread-3 (robot_state_routine_thread)', 'Thread-4 (robot_state_routine_thread)', 'ThreadWatchdog', 'app-main', 'asyncio_0', 'asyncio_1', 'cam-useeplus-decode', 'camera-_useeplus']
2026-07-08 15:57:51.555 [WARNING ] [app-main tid=20072] [App] GetDI error: unsupported operand type(s) for &: '_ctypes.CField' and 'int' — retrying...
2026-07-08 15:57:52.556 [WARNING ] [app-main tid=20072] [App] GetDI error: unsupported operand type(s) for &: '_ctypes.CField' and 'int' — retrying...
2026-07-08 15:57:53.299 [DEBUG   ] [ThreadWatchdog tid=7488] Watchdog snapshot: 10 alive — ['DebugMonitor', 'MainThread', 'Thread-3 (robot_state_routine_thread)', 'Thread-4 (robot_state_routine_thread)', 'ThreadWatchdog', 'app-main', 'asyncio_0', 'asyncio_1', 'cam-useeplus-decode', 'camera-_useeplus']
2026-07-08 15:57:53.557 [WARNING ] [app-main tid=20072] [App] GetDI error: unsupported operand type(s) for &: '_ctypes.CField' and 'int' — retrying...
2026-07-08 15:57:54.558 [WARNING ] [app-main tid=20072] [App] GetDI error: unsupported operand type(s) for &: '_ctypes.CField' and 'int' — retrying...
2026-07-08 15:57:55.300 [DEBUG   ] [ThreadWatchdog tid=7488] Watchdog snapshot: 10 alive — ['DebugMonitor', 'MainThread', 'Thread-3 (robot_state_routine_thread)', 'Thread-4 (robot_state_routine_thread)', 'ThreadWatchdog', 'app-main', 'asyncio_0', 'asyncio_1', 'cam-useeplus-decode', 'camera-_useeplus']
2026-07-08 15:57:55.559 [WARNING ] [app-main tid=20072] [App] GetDI error: unsupported operand type(s) for &: '_ctypes.CField' and 'int' — retrying...
2026-07-08 15:57:56.561 [WARNING ] [app-main tid=20072] [App] GetDI error: unsupported operand type(s) for &: '_ctypes.CField' and 'int' — retrying...
2026-07-08 15:57:57.300 [DEBUG   ] [ThreadWatchdog tid=7488] Watchdog snapshot: 10 alive — ['DebugMonitor', 'MainThread', 'Thread-3 (robot_state_routine_thread)', 'Thread-4 (robot_state_routine_thread)', 'ThreadWatchdog', 'app-main', 'asyncio_0', 'asyncio_1', 'cam-useeplus-decode', 'camera-_useeplus']
2026-07-08 15:57:57.562 [WARNING ] [app-main tid=20072] [App] GetDI error: unsupported operand type(s) for &: '_ctypes.CField' and 'int' — retrying...
2026-07-08 15:57:58.564 [WARNING ] [app-main tid=20072] [App] GetDI error: unsupported operand type(s) for &: '_ctypes.CField' and 'int' — retrying...
2026-07-08 15:57:59.302 [DEBUG   ] [ThreadWatchdog tid=7488] Watchdog snapshot: 10 alive — ['DebugMonitor', 'MainThread', 'Thread-3 (robot_state_routine_thread)', 'Thread-4 (robot_state_routine_thread)', 'ThreadWatchdog', 'app-main', 'asyncio_0', 'asyncio_1', 'cam-useeplus-decode', 'camera-_useeplus']
2026-07-08 15:57:59.566 [WARNING ] [app-main tid=20072] [App] GetDI error: unsupported operand type(s) for &: '_ctypes.CField' and 'int' — retrying...
2026-07-08 15:58:00.567 [WARNING ] [app-main tid=20072] [App] GetDI error: unsupported operand type(s) for &: '_ctypes.CField' and 'int' — retrying...
2026-07-08 15:58:01.303 [DEBUG   ] [ThreadWatchdog tid=7488] Watchdog snapshot: 10 alive — ['DebugMonitor', 'MainThread', 'Thread-3 (robot_state_routine_thread)', 'Thread-4 (robot_state_routine_thread)', 'ThreadWatchdog', 'app-main', 'asyncio_0', 'asyncio_1', 'cam-useeplus-decode', 'camera-_useeplus']
2026-07-08 15:58:01.568 [WARNING ] [app-main tid=20072] [App] GetDI error: unsupported operand type(s) for &: '_ctypes.CField' and 'int' — retrying...
2026-07-08 15:58:02.570 [WARNING ] [app-main tid=20072] [App] GetDI error: unsupported operand type(s) for &: '_ctypes.CField' and 'int' — retrying...
2026-07-08 15:58:03.305 [DEBUG   ] [ThreadWatchdog tid=7488] Watchdog snapshot: 10 alive — ['DebugMonitor', 'MainThread', 'Thread-3 (robot_state_routine_thread)', 'Thread-4 (robot_state_routine_thread)', 'ThreadWatchdog', 'app-main', 'asyncio_0', 'asyncio_1', 'cam-useeplus-decode', 'camera-_useeplus']
2026-07-08 15:58:03.571 [WARNING ] [app-main tid=20072] [App] GetDI error: unsupported operand type(s) for &: '_ctypes.CField' and 'int' — retrying...
2026-07-09 09:18:57.149 [INFO    ] [MainThread tid=18916] ======================================================================
2026-07-09 09:18:57.149 [INFO    ] [MainThread tid=18916] Logger initialised — log file: c:\Users\Hisham Elbadry\Desktop\problemmmmmm\fresh-new\logs\threads.log
2026-07-09 09:18:57.149 [INFO    ] [MainThread tid=18916] Python 3.12.10 on win32
2026-07-09 09:18:57.149 [INFO    ] [MainThread tid=18916] ======================================================================
2026-07-09 09:18:57.151 [INFO    ] [ThreadWatchdog tid=9244] Watchdog started — checking every 2.0s
2026-07-09 09:18:57.151 [INFO    ] [MainThread tid=18916] thread_logger setup complete ✓
2026-07-09 09:18:57.151 [DEBUG   ] [ThreadWatchdog tid=9244] Watchdog: + thread appeared 'Thread-2' (daemon=False)
2026-07-09 09:18:57.152 [DEBUG   ] [ThreadWatchdog tid=9244] Watchdog: + thread appeared 'MainThread' (daemon=False)
2026-07-09 09:18:57.152 [DEBUG   ] [ThreadWatchdog tid=9244] Watchdog: + thread appeared 'ThreadWatchdog' (daemon=True)
2026-07-09 09:18:57.152 [DEBUG   ] [ThreadWatchdog tid=9244] Watchdog snapshot: 3 alive — ['MainThread', 'Thread-2', 'ThreadWatchdog']
2026-07-09 09:18:57.584 [INFO    ] [MainThread tid=18916] === web_server: App created (STOPPED) — press Start in dashboard ===
2026-07-09 09:18:57.585 [INFO    ] [MainThread tid=18916] === web_server: listening on http://0.0.0.0:8000 ===
2026-07-09 09:18:59.154 [DEBUG   ] [ThreadWatchdog tid=9244] Watchdog: + thread appeared 'DebugMonitor' (daemon=True)
2026-07-09 09:18:59.154 [DEBUG   ] [ThreadWatchdog tid=9244] Watchdog: + thread appeared 'asyncio_0' (daemon=False)
2026-07-09 09:18:59.155 [WARNING ] [ThreadWatchdog tid=9244] Watchdog: − thread DISAPPEARED 'Thread-2' (if no FINISHED/CRASHED log above, it died silently)
2026-07-09 09:18:59.155 [DEBUG   ] [ThreadWatchdog tid=9244] Watchdog snapshot: 4 alive — ['DebugMonitor', 'MainThread', 'ThreadWatchdog', 'asyncio_0']
2026-07-09 09:19:01.157 [DEBUG   ] [ThreadWatchdog tid=9244] Watchdog snapshot: 4 alive — ['DebugMonitor', 'MainThread', 'ThreadWatchdog', 'asyncio_0']
2026-07-09 09:19:03.158 [DEBUG   ] [ThreadWatchdog tid=9244] Watchdog snapshot: 4 alive — ['DebugMonitor', 'MainThread', 'ThreadWatchdog', 'asyncio_0']
2026-07-09 09:19:03.876 [INFO    ] [app-main tid=20100] [App] _run_main started
2026-07-09 09:19:05.159 [DEBUG   ] [ThreadWatchdog tid=9244] Watchdog: + thread appeared 'app-main' (daemon=True)
2026-07-09 09:19:05.160 [DEBUG   ] [ThreadWatchdog tid=9244] Watchdog: + thread appeared 'camera-_useeplus' (daemon=True)
2026-07-09 09:19:05.161 [DEBUG   ] [ThreadWatchdog tid=9244] Watchdog: + thread appeared 'cam-useeplus-decode' (daemon=True)
2026-07-09 09:19:05.162 [DEBUG   ] [ThreadWatchdog tid=9244] Watchdog snapshot: 7 alive — ['DebugMonitor', 'MainThread', 'ThreadWatchdog', 'app-main', 'asyncio_0', 'cam-useeplus-decode', 'camera-_useeplus']
2026-07-09 09:19:07.162 [DEBUG   ] [ThreadWatchdog tid=9244] Watchdog: + thread appeared 'Thread-3 (robot_state_routine_thread)' (daemon=True)
2026-07-09 09:19:07.163 [DEBUG   ] [ThreadWatchdog tid=9244] Watchdog snapshot: 8 alive — ['DebugMonitor', 'MainThread', 'Thread-3 (robot_state_routine_thread)', 'ThreadWatchdog', 'app-main', 'asyncio_0', 'cam-useeplus-decode', 'camera-_useeplus']
2026-07-09 09:19:08.404 [INFO    ] [app-main tid=20100] [App] Ready — waiting for trigger DI0
2026-07-09 09:19:08.405 [WARNING ] [app-main tid=20100] [App] GetDI error: unsupported operand type(s) for &: '_ctypes.CField' and 'int' — retrying...
2026-07-09 09:19:09.165 [DEBUG   ] [ThreadWatchdog tid=9244] Watchdog snapshot: 8 alive — ['DebugMonitor', 'MainThread', 'Thread-3 (robot_state_routine_thread)', 'ThreadWatchdog', 'app-main', 'asyncio_0', 'cam-useeplus-decode', 'camera-_useeplus']
2026-07-09 09:19:09.406 [WARNING ] [app-main tid=20100] [App] GetDI error: unsupported operand type(s) for &: '_ctypes.CField' and 'int' — retrying...
2026-07-09 09:19:10.408 [WARNING ] [app-main tid=20100] [App] GetDI error: unsupported operand type(s) for &: '_ctypes.CField' and 'int' — retrying...
2026-07-09 09:19:11.166 [DEBUG   ] [ThreadWatchdog tid=9244] Watchdog snapshot: 8 alive — ['DebugMonitor', 'MainThread', 'Thread-3 (robot_state_routine_thread)', 'ThreadWatchdog', 'app-main', 'asyncio_0', 'cam-useeplus-decode', 'camera-_useeplus']
2026-07-09 09:19:11.410 [WARNING ] [app-main tid=20100] [App] GetDI error: unsupported operand type(s) for &: '_ctypes.CField' and 'int' — retrying...
2026-07-09 09:19:12.412 [WARNING ] [app-main tid=20100] [App] GetDI error: unsupported operand type(s) for &: '_ctypes.CField' and 'int' — retrying...
2026-07-09 09:19:13.168 [DEBUG   ] [ThreadWatchdog tid=9244] Watchdog snapshot: 8 alive — ['DebugMonitor', 'MainThread', 'Thread-3 (robot_state_routine_thread)', 'ThreadWatchdog', 'app-main', 'asyncio_0', 'cam-useeplus-decode', 'camera-_useeplus']
2026-07-09 09:19:13.414 [WARNING ] [app-main tid=20100] [App] GetDI error: unsupported operand type(s) for &: '_ctypes.CField' and 'int' — retrying...
2026-07-09 09:19:14.416 [WARNING ] [app-main tid=20100] [App] GetDI error: unsupported operand type(s) for &: '_ctypes.CField' and 'int' — retrying...
2026-07-09 09:19:15.169 [DEBUG   ] [ThreadWatchdog tid=9244] Watchdog: + thread appeared 'asyncio_1' (daemon=False)
2026-07-09 09:19:15.169 [DEBUG   ] [ThreadWatchdog tid=9244] Watchdog snapshot: 9 alive — ['DebugMonitor', 'MainThread', 'Thread-3 (robot_state_routine_thread)', 'ThreadWatchdog', 'app-main', 'asyncio_0', 'asyncio_1', 'cam-useeplus-decode', 'camera-_useeplus']
2026-07-09 09:19:15.418 [WARNING ] [app-main tid=20100] [App] GetDI error: unsupported operand type(s) for &: '_ctypes.CField' and 'int' — retrying...
2026-07-09 09:19:16.425 [INFO    ] [app-main tid=20100] [App] _run_main finished
2026-07-09 09:19:17.171 [WARNING ] [ThreadWatchdog tid=9244] Watchdog: − thread DISAPPEARED 'app-main' (if no FINISHED/CRASHED log above, it died silently)
2026-07-09 09:19:17.172 [WARNING ] [ThreadWatchdog tid=9244] Watchdog: − thread DISAPPEARED 'camera-_useeplus' (if no FINISHED/CRASHED log above, it died silently)
2026-07-09 09:19:17.173 [WARNING ] [ThreadWatchdog tid=9244] Watchdog: − thread DISAPPEARED 'cam-useeplus-decode' (if no FINISHED/CRASHED log above, it died silently)
2026-07-09 09:19:17.174 [DEBUG   ] [ThreadWatchdog tid=9244] Watchdog snapshot: 6 alive — ['DebugMonitor', 'MainThread', 'Thread-3 (robot_state_routine_thread)', 'ThreadWatchdog', 'asyncio_0', 'asyncio_1']
2026-07-09 09:19:19.175 [DEBUG   ] [ThreadWatchdog tid=9244] Watchdog snapshot: 6 alive — ['DebugMonitor', 'MainThread', 'Thread-3 (robot_state_routine_thread)', 'ThreadWatchdog', 'asyncio_0', 'asyncio_1']
2026-07-09 09:19:21.177 [DEBUG   ] [ThreadWatchdog tid=9244] Watchdog snapshot: 6 alive — ['DebugMonitor', 'MainThread', 'Thread-3 (robot_state_routine_thread)', 'ThreadWatchdog', 'asyncio_0', 'asyncio_1']
